trade_date,open,close,high,low,volume,money
2018-01-02,4045.21,4087.4,4087.78,4045.21,14693543500.0,1.78402032875e+11
2018-01-03,4091.46,4111.39,4140.05,4088.73,15185221800.0,2.05726889556e+11
2018-01-04,4114.12,4128.81,4137.64,4105.89,13454379400.0,1.74523556133e+11
2018-01-05,4133.34,4138.75,4151.28,4123.28,14900987200.0,1.85206293226e+11
2018-01-08,4140.85,4160.16,4166.32,4127.31,17387766600.0,2.26403872932e+11
2018-01-09,4157.54,4189.3,4191.28,4153.5,13903429400.0,1.81975079758e+11
2018-01-10,4187.2,4207.81,4211.05,4175.14,15112166600.0,1.94850253886e+11
2018-01-11,4197.11,4205.59,4211.8,4181.96,12157853900.0,1.70407305946e+11
2018-01-12,4205.14,4225.0,4227.39,4199.03,11135479400.0,1.57606210635e+11
2018-01-15,4229.84,4225.24,4262.93,4216.36,17090789700.0,2.34986586088e+11
2018-01-16,4215.62,4258.47,4260.21,4213.13,16149496300.0,2.28271224756e+11
2018-01-17,4261.78,4248.12,4283.34,4230.54,21431103200.0,2.84554359815e+11
2018-01-18,4259.38,4271.42,4292.64,4246.68,17203284600.0,2.25289688909e+11
2018-01-19,4281.94,4285.4,4316.57,4269.62,20949057000.0,2.5855472536e+11
2018-01-22,4276.48,4336.6,4338.48,4275.9,17464319500.0,2.33960223311e+11
2018-01-23,4346.89,4382.61,4383.57,4346.79,20186758500.0,2.57113359897e+11
2018-01-24,4389.45,4389.89,4397.82,4349.09,21981888900.0,2.8447080953e+11
2018-01-25,4381.98,4365.08,4392.2,4336.24,19537495000.0,2.5030809187e+11
2018-01-26,4352.22,4381.3,4403.34,4351.49,17722723700.0,2.23331309122e+11
2018-01-29,4387.06,4302.02,4395.91,4287.11,19110035400.0,2.56176323789e+11
2018-01-30,4286.68,4256.1,4308.51,4251.57,13903473000.0,1.86650566155e+11
2018-01-31,4234.11,4275.9,4287.86,4232.77,14521016400.0,1.94401798025e+11
2018-02-01,4276.34,4245.9,4287.39,4214.29,19000293400.0,2.39230298933e+11
2018-02-02,4213.94,4271.23,4271.76,4181.78,14606682700.0,1.91169867288e+11
2018-02-05,4204.46,4274.15,4274.15,4200.14,16134779900.0,2.17360144504e+11
2018-02-06,4182.33,4148.89,4211.52,4131.56,21491045000.0,2.79415083155e+11
2018-02-07,4205.74,4050.5,4212.57,4048.42,20312749300.0,2.61507027391e+11
2018-02-08,4022.88,4012.05,4071.67,3974.68,15926998500.0,1.99061771955e+11
2018-02-09,3896.17,3840.65,3911.29,3759.15,20634982800.0,2.46774828431e+11
2018-02-12,3846.27,3890.1,3907.84,3828.07,11618263700.0,1.49858043556e+11
2018-02-13,3925.6,3935.63,3986.98,3925.6,11256588500.0,1.44479354377e+11
2018-02-14,3945.09,3966.96,3971.4,3923.13,7108133800.0,93110201390.0
2018-02-22,4020.97,4052.73,4058.79,4009.92,10581157100.0,1.38334361735e+11
2018-02-23,4061.75,4071.09,4085.2,4035.23,9945874600.0,1.28195835194e+11
2018-02-26,4093.4,4118.42,4128.74,4048.98,13788100100.0,1.79013093605e+11
2018-02-27,4120.87,4058.98,4120.87,4051.81,12593447000.0,1.69684900954e+11
2018-02-28,4016.79,4023.64,4051.71,3991.71,10934359300.0,1.52493909262e+11
2018-03-01,3994.87,4049.09,4061.03,3986.89,11019985200.0,1.46003456663e+11
2018-03-02,4014.95,4016.46,4044.42,4006.94,9616500000.0,1.30931181201e+11
2018-03-05,4021.66,4018.1,4042.83,3995.87,8795254800.0,1.18197859452e+11
2018-03-06,4034.99,4066.56,4067.55,3998.93,13876244400.0,1.71370654136e+11
2018-03-07,4063.5,4036.65,4089.7,4027.94,10695242600.0,1.3657230556e+11
2018-03-08,4038.95,4077.6,4078.23,4029.71,9115581000.0,1.2363463712e+11
2018-03-09,4088.07,4108.87,4110.67,4076.45,11370180800.0,1.50024119651e+11
2018-03-12,4130.71,4127.67,4139.53,4112.77,14090673900.0,1.90367593786e+11
2018-03-13,4124.33,4091.25,4130.28,4087.56,11176643000.0,1.41174160638e+11
2018-03-14,4076.06,4073.34,4089.09,4066.49,9901340900.0,1.3153795937e+11
2018-03-15,4058.71,4096.16,4098.99,4058.71,8816115600.0,1.26882452702e+11
2018-03-16,4096.89,4056.42,4110.05,4055.82,8489618800.0,1.22125342027e+11
2018-03-19,4054.62,4074.25,4074.52,4033.52,8150288200.0,1.1818381514e+11
2018-03-20,4045.74,4077.7,4080.19,4040.31,8060528000.0,1.11980234031e+11
2018-03-21,4097.02,4061.05,4110.12,4046.24,9760948800.0,1.39330411871e+11
2018-03-22,4062.07,4020.35,4072.38,4003.72,8909525900.0,1.2766433799e+11
2018-03-23,3896.74,3904.94,3928.51,3834.94,18008044900.0,2.18905031317e+11
2018-03-26,3862.69,3879.89,3883.9,3829.92,11513912800.0,1.56604527227e+11
2018-03-27,3927.49,3913.27,3936.78,3881.87,11370071100.0,1.62291546573e+11
2018-03-28,3865.05,3842.72,3907.28,3835.88,10149490800.0,1.55848951057e+11
2018-03-29,3854.59,3894.05,3913.96,3794.26,11662906600.0,1.64996782981e+11
2018-03-30,3893.75,3898.5,3915.35,3879.21,9751227000.0,1.37959280455e+11
2018-04-02,3897.01,3886.92,3937.02,3882.89,11124266600.0,1.59356080038e+11
2018-04-03,3850.15,3862.48,3878.15,3839.93,9513736900.0,1.32049936105e+11
2018-04-04,3873.63,3854.86,3898.61,3852.5,8873060900.0,1.31593067938e+11
2018-04-09,3851.95,3852.93,3870.67,3827.41,8410546200.0,1.18167273509e+11
2018-04-10,3860.72,3927.17,3927.42,3851.8,10617372200.0,1.37941300225e+11
2018-04-11,3934.17,3938.34,3958.71,3924.96,11193302100.0,1.3998929063e+11
2018-04-12,3935.67,3898.64,3937.78,3896.18,8269949000.0,1.08075565476e+11
2018-04-13,3920.74,3871.14,3929.95,3866.19,7154420300.0,98921826969.0
2018-04-16,3862.47,3808.86,3869.16,3789.61,9921777000.0,1.31566866868e+11
2018-04-17,3812.87,3748.64,3822.63,3745.44,9061079000.0,1.26518751972e+11
2018-04-18,3785.31,3766.28,3789.66,3708.11,10667670600.0,1.43077676004e+11
2018-04-19,3774.78,3811.84,3824.03,3767.8,9905406000.0,1.27520121562e+11
2018-04-20,3801.21,3760.85,3815.44,3750.1,9928292500.0,1.23550664541e+11
2018-04-23,3754.69,3766.33,3787.4,3735.18,9035629100.0,1.117630315e+11
2018-04-24,3769.88,3843.49,3854.43,3769.88,11421952500.0,1.45700512791e+11
2018-04-25,3824.59,3828.7,3838.69,3817.03,7817261200.0,1.05750449452e+11
2018-04-26,3823.39,3755.49,3828.71,3744.89,8715064100.0,1.25772304515e+11
2018-04-27,3771.04,3756.88,3776.98,3714.64,8953172600.0,1.421136276e+11
2018-05-02,3769.93,3763.65,3787.3,3744.55,8330103500.0,1.2008348329e+11
2018-05-03,3756.17,3793.0,3797.53,3732.37,9396111800.0,1.22740168864e+11
2018-05-04,3784.32,3774.6,3801.52,3770.94,7155428800.0,98315254609.0
2018-05-07,3782.54,3834.19,3834.59,3776.03,8728619500.0,1.26354800811e+11
2018-05-08,3834.61,3878.68,3892.07,3833.73,9421515700.0,1.35445862529e+11
2018-05-09,3876.13,3871.62,3878.94,3855.74,6671296600.0,92322896271.0
2018-05-10,3882.84,3893.06,3894.49,3867.31,7066780900.0,1.03255140585e+11
2018-05-11,3902.15,3872.84,3903.34,3871.95,7335660400.0,1.0771545704e+11
2018-05-14,3886.87,3909.29,3919.3,3886.87,8197599900.0,1.22520047995e+11
2018-05-15,3920.14,3924.1,3924.34,3892.92,7604955500.0,1.06091905845e+11
2018-05-16,3909.82,3892.84,3923.34,3889.19,7191364600.0,1.06533930265e+11
2018-05-17,3895.49,3864.05,3899.51,3858.85,5903012300.0,87104164680.0
2018-05-18,3860.16,3903.06,3903.06,3841.9,7261395600.0,96823851809.0
2018-05-21,3925.54,3921.24,3937.46,3913.6,9264173700.0,1.20528726019e+11
2018-05-22,3918.82,3906.21,3918.82,3881.17,7536877800.0,1.02883344897e+11
2018-05-23,3898.27,3854.58,3898.27,3854.58,8372231900.0,1.10684503206e+11
2018-05-24,3853.29,3827.22,3859.1,3823.92,6834502200.0,93408219637.0
2018-05-25,3823.74,3816.5,3841.12,3804.13,7083638600.0,95667543827.0
2018-05-28,3816.26,3833.26,3846.55,3799.32,7152113200.0,1.00001639047e+11
2018-05-29,3824.19,3804.01,3841.78,3800.67,8155266200.0,1.17288580582e+11
2018-05-30,3755.18,3723.37,3767.89,3722.07,8791328500.0,1.1585897581e+11
2018-05-31,3749.3,3802.38,3804.79,3742.53,9266689400.0,1.3054542218e+11
2018-06-01,3789.67,3770.59,3802.54,3753.84,7782181300.0,1.05934865863e+11
2018-06-04,3785.19,3807.58,3813.41,3776.62,7662434100.0,1.1514646845e+11
2018-06-05,3811.29,3845.32,3845.56,3800.93,7868736000.0,1.21261467224e+11
2018-06-06,3839.68,3837.35,3848.33,3830.9,7311723700.0,1.07142041766e+11
2018-06-07,3846.94,3831.01,3859.85,3827.69,8025614700.0,1.12365710702e+11
2018-06-08,3819.45,3779.62,3819.46,3759.27,8333733500.0,1.07818798321e+11
2018-06-11,3770.21,3779.98,3792.55,3756.51,6870983400.0,1.05597924649e+11
2018-06-12,3783.19,3825.95,3830.47,3765.26,7320624400.0,1.16217139615e+11
2018-06-13,3814.62,3788.34,3817.45,3782.07,6637797000.0,97185498920.0
2018-06-14,3774.64,3773.37,3808.16,3759.25,6847132200.0,99234014984.0
2018-06-15,3763.04,3753.43,3780.34,3737.43,8548889300.0,1.09534900847e+11
2018-06-19,3702.67,3621.12,3712.82,3583.02,16070654200.0,1.93848797293e+11
2018-06-20,3602.55,3635.44,3649.34,3578.17,8671809800.0,1.12804812786e+11
2018-06-21,3633.56,3592.97,3673.56,3589.49,9390855200.0,1.15584149028e+11
2018-06-22,3567.89,3608.9,3609.08,3542.46,7511786400.0,89687282053.0
2018-06-25,3625.8,3560.48,3631.03,3559.03,7987707800.0,1.06690345317e+11
2018-06-26,3521.59,3531.11,3541.78,3478.21,8498526900.0,1.08132167346e+11
2018-06-27,3525.13,3459.26,3537.66,3441.78,8149181700.0,1.07628896582e+11
2018-06-28,3434.94,3423.53,3477.06,3416.95,7591805100.0,98570527345.0
2018-06-29,3431.96,3510.98,3512.38,3425.22,7725703100.0,97616367299.0
2018-07-02,3504.46,3407.96,3506.9,3383.5,8435144900.0,1.07601540659e+11
2018-07-03,3410.48,3409.28,3422.04,3319.29,9527869300.0,1.29898019347e+11
2018-07-04,3398.78,3363.75,3418.33,3359.09,7515799700.0,93648559089.0
2018-07-05,3365.55,3342.44,3398.49,3330.71,8158798100.0,97544619590.0
2018-07-06,3347.06,3365.12,3396.25,3295.73,8609757900.0,1.09481942501e+11
2018-07-09,3378.91,3459.18,3459.32,3378.91,7660154500.0,1.00918863679e+11
2018-07-10,3464.91,3467.52,3474.14,3437.27,6954882300.0,90127445728.0
2018-07-11,3398.93,3407.53,3427.57,3375.14,7204095000.0,89661507129.0
2018-07-12,3403.33,3481.06,3499.1,3403.33,9635356400.0,1.17805514793e+11
2018-07-13,3488.5,3492.69,3499.76,3474.91,7295589700.0,99800184924.0
2018-07-16,3488.97,3472.09,3506.24,3459.73,6828199900.0,90754288081.0
2018-07-17,3466.42,3449.38,3467.19,3420.97,6198307600.0,85720563654.0
2018-07-18,3456.61,3431.32,3479.26,3430.16,6653033000.0,88556873195.0
2018-07-19,3444.8,3428.34,3466.51,3417.96,6847771600.0,88804907805.0
2018-07-20,3426.46,3492.89,3505.93,3398.95,10198472700.0,1.22196953815e+11
2018-07-23,3471.86,3525.75,3527.53,3464.65,11903662700.0,1.43960930682e+11
2018-07-24,3530.66,3581.71,3596.51,3530.66,15691243500.0,1.77448954019e+11
2018-07-25,3589.51,3577.75,3589.98,3566.31,9675850100.0,1.12176694173e+11
2018-07-26,3583.32,3536.25,3593.92,3528.64,9034964100.0,1.05577285189e+11
2018-07-27,3533.77,3521.23,3545.41,3512.7,7017810400.0,81192174902.0
2018-07-30,3520.85,3515.08,3550.9,3489.55,8211699500.0,96183097601.0
2018-07-31,3510.47,3517.66,3528.15,3493.15,6798081700.0,80022152109.0
2018-08-01,3530.03,3447.39,3543.61,3446.78,9034861700.0,1.07477214866e+11
2018-08-02,3434.35,3370.96,3434.35,3322.1,10130872700.0,1.22401283623e+11
2018-08-03,3366.66,3315.28,3381.34,3315.2,7079691000.0,91395987151.0
2018-08-06,3312.82,3273.27,3344.25,3257.69,7797508300.0,97517991022.0
2018-08-07,3284.98,3368.87,3368.96,3263.5,9178391600.0,1.07512223951e+11
2018-08-08,3362.15,3314.51,3368.16,3311.77,7928486500.0,90958912013.0
2018-08-09,3303.48,3397.53,3408.39,3299.62,9195757200.0,1.08802315182e+11
2018-08-10,3398.41,3405.02,3424.04,3380.57,6896729900.0,85634522136.0
2018-08-13,3369.98,3390.34,3396.19,3336.7,7619153200.0,90869290864.0
2018-08-14,3386.48,3372.91,3391.73,3356.61,6065144600.0,72121992610.0
2018-08-15,3371.96,3291.98,3372.14,3288.71,6817405500.0,83402193917.0
2018-08-16,3251.86,3276.73,3315.2,3231.56,7654736600.0,89269175663.0
2018-08-17,3305.9,3229.62,3311.57,3224.1,6739541300.0,84452452537.6
2018-08-20,3238.22,3267.25,3267.25,3209.01,7090422800.0,88963382601.9
2018-08-21,3271.84,3326.65,3331.71,3270.03,7520558300.0,97925840441.5
2018-08-22,3328.97,3307.95,3328.97,3299.39,5078705700.0,66548536184.4
2018-08-23,3308.46,3320.03,3336.11,3285.81,6111233400.0,80212785557.6
2018-08-24,3308.48,3325.33,3353.04,3291.87,6376589700.0,77197847851.7
2018-08-27,3339.39,3406.57,3406.57,3339.26,9427008200.0,1.14960964551e+11
2018-08-28,3408.15,3400.17,3416.59,3388.81,7544536300.0,94945949810.0
2018-08-29,3393.05,3386.57,3398.71,3377.12,6702040400.0,79072300213.0
2018-08-30,3385.81,3351.09,3402.56,3349.47,6838529000.0,80226052652.0
2018-08-31,3333.38,3334.5,3356.58,3310.87,7620563000.0,96091892858.0
2018-09-03,3320.69,3321.82,3325.61,3291.78,6642985500.0,81305681453.0
2018-09-04,3324.19,3363.9,3370.96,3307.96,6708880700.0,85892034874.0
2018-09-05,3349.7,3298.14,3354.2,3298.14,6430188800.0,80656675217.0
2018-09-06,3286.66,3262.88,3311.5,3253.76,6230028800.0,79373138215.9
2018-09-07,3273.89,3277.64,3316.61,3253.72,6394740800.0,81263439990.3
2018-09-10,3271.38,3230.07,3277.88,3227.85,6381705100.0,76175580336.9
2018-09-11,3229.71,3224.21,3245.62,3209.11,5849130500.0,67722118923.3
2018-09-12,3216.99,3202.02,3225.6,3194.98,5462789900.0,68887020055.9
2018-09-13,3239.69,3236.57,3249.59,3191.4,6729032700.0,85887962112.6
2018-09-14,3242.83,3242.09,3254.1,3227.94,6013064000.0,76481211955.9
2018-09-17,3224.93,3204.92,3230.79,3200.51,5225954700.0,60650940907.6
2018-09-18,3193.64,3269.43,3270.11,3193.64,7042503500.0,83899137593.0
2018-09-19,3262.0,3312.48,3335.99,3258.31,8917066600.0,1.09395423838e+11
2018-09-20,3314.88,3310.13,3332.31,3303.07,6456105700.0,76660845175.0
2018-09-21,3320.7,3410.49,3410.49,3307.77,10841600500.0,1.23573117858e+11
2018-09-25,3375.97,3379.8,3394.38,3367.03,6905469300.0,82870029933.1
2018-09-26,3388.56,3417.24,3448.26,3383.24,9317334300.0,1.19113319089e+11
2018-09-27,3415.95,3403.59,3423.71,3394.73,6976524100.0,87573300844.9
2018-09-28,3409.96,3438.86,3444.99,3404.7,8437775600.0,94880274571.6
2018-10-08,3361.56,3290.9,3364.46,3285.25,9788898900.0,1.14164218382e+11
2018-10-09,3290.17,3288.69,3309.8,3276.13,6672327400.0,78372941344.8
2018-10-10,3295.43,3281.6,3315.73,3256.58,6449282800.0,79166808584.8
2018-10-11,3179.54,3124.11,3209.52,3099.04,12094134200.0,1.25723084486e+11
2018-10-12,3123.37,3170.73,3184.12,3094.97,9861115100.0,1.04423076623e+11
2018-10-15,3173.85,3126.45,3183.13,3120.23,6960502300.0,77137696800.3
2018-10-16,3128.58,3100.97,3166.09,3089.37,6888772100.0,75206470956.0
2018-10-17,3140.68,3118.25,3149.13,3062.55,7683713800.0,86132695913.3
2018-10-18,3097.79,3044.39,3097.79,3043.38,7377196800.0,79703731918.5
2018-10-19,3017.75,3134.95,3137.75,3009.5,9883968800.0,1.10951369122e+11
2018-10-22,3159.56,3270.27,3297.38,3159.56,14586204500.0,1.70651306178e+11
2018-10-23,3273.13,3183.43,3276.02,3163.57,12101324100.0,1.42589176815e+11
2018-10-24,3169.46,3188.2,3245.4,3164.29,11090974400.0,1.20954387288e+11
2018-10-25,3107.84,3194.31,3197.32,3099.89,10695181700.0,1.1329174643e+11
2018-10-26,3204.28,3173.64,3218.1,3151.92,10129935400.0,1.0607036676e+11
2018-10-29,3157.49,3076.89,3158.81,3062.58,9183978900.0,1.08479490211e+11
2018-10-30,3061.93,3110.26,3146.63,3050.77,11607010100.0,1.31767102718e+11
2018-10-31,3116.66,3153.82,3168.92,3106.03,11120745500.0,1.17099697836e+11
2018-11-01,3185.2,3177.03,3217.8,3173.1,13265337900.0,1.4591930428e+11
2018-11-02,3258.61,3290.25,3290.25,3222.44,15346610400.0,1.7834064341e+11
2018-11-05,3269.47,3262.84,3279.88,3230.36,10970668300.0,1.23630922689e+11
2018-11-06,3254.98,3243.15,3254.98,3213.89,8386913800.0,91703898055.4
2018-11-07,3243.88,3221.91,3270.5,3218.42,9161552800.0,1.01814918974e+11
2018-11-08,3251.73,3212.77,3253.57,3207.71,7641454000.0,85221664741.0
2018-11-09,3193.3,3167.44,3193.3,3166.31,8428276200.0,88194192201.7
2018-11-12,3160.25,3205.14,3206.51,3152.44,8806239100.0,97363052031.5
2018-11-13,3164.92,3237.38,3254.77,3161.1,12649346400.0,1.25603047265e+11
2018-11-14,3233.64,3204.94,3239.24,3200.23,11380865900.0,1.05386565968e+11
2018-11-15,3201.28,3242.37,3242.38,3198.78,9855881000.0,1.00119192332e+11
2018-11-16,3242.88,3257.67,3282.39,3223.72,12687683500.0,1.35379803918e+11
2018-11-19,3258.79,3294.6,3294.6,3251.07,11595659500.0,1.23188777592e+11
2018-11-20,3268.08,3218.41,3278.78,3213.68,10936115400.0,1.14155066806e+11
2018-11-21,3187.1,3226.49,3230.26,3185.24,8411972600.0,87813273908.4
2018-11-22,3232.97,3214.43,3235.45,3199.7,6509829100.0,70083372614.5
2018-11-23,3208.59,3143.48,3212.2,3139.39,8463825500.0,86864946183.9
2018-11-26,3148.67,3141.24,3169.44,3131.64,5937914000.0,61899479598.9
2018-11-27,3152.77,3137.24,3162.01,3126.29,5540783200.0,61946261110.2
2018-11-28,3137.75,3178.93,3179.41,3126.62,7488195500.0,77620553113.3
2018-11-29,3198.83,3137.65,3204.86,3137.65,8049846600.0,86927611883.2
2018-11-30,3136.2,3172.69,3175.15,3132.42,7092104400.0,77297697684.1
2018-12-03,3260.69,3260.95,3273.64,3228.36,12148715700.0,1.4582841649e+11
2018-12-04,3256.23,3267.71,3267.94,3243.7,7941503900.0,90543600273.8
2018-12-05,3224.26,3252.0,3266.9,3219.98,7615305200.0,90909093829.9
2018-12-06,3218.11,3181.67,3223.52,3179.89,7632877100.0,95678883443.9
2018-12-07,3187.49,3181.56,3193.82,3176.71,5336192400.0,66323970656.9
2018-12-10,3153.52,3144.76,3170.15,3134.38,6343727300.0,73717204733.2
2018-12-11,3148.23,3159.82,3161.96,3143.61,5322387700.0,60014969778.9
2018-12-12,3181.57,3170.61,3182.21,3160.28,5330991400.0,60536223473.6
2018-12-13,3178.89,3219.69,3234.08,3169.42,9044275500.0,1.03375478637e+11
2018-12-14,3207.35,3165.91,3210.72,3165.91,8430125000.0,91576900504.8
2018-12-17,3158.28,3161.2,3167.51,3134.37,6649700700.0,77151490857.7
2018-12-18,3139.95,3128.43,3165.0,3114.47,6382031900.0,72035451400.0
2018-12-19,3133.74,3091.13,3137.01,3086.76,5552229900.0,67872922422.5
2018-12-20,3083.54,3067.42,3097.72,3044.29,6974946300.0,78181426503.7
2018-12-21,3055.33,3029.4,3057.4,3007.61,7675810100.0,84824064753.3
2018-12-24,3015.5,3038.2,3040.35,3007.33,5729961500.0,63880740605.4
2018-12-25,3006.88,3017.28,3030.14,2964.88,7868942500.0,80413567307.4
2018-12-26,3012.87,3002.03,3029.06,2996.48,5564703200.0,58574968998.0
2018-12-27,3042.95,2990.51,3047.23,2990.51,8054178500.0,81159269974.1
2018-12-28,2994.8,3010.65,3024.35,2984.82,7105377900.0,78145310042.0
2019-01-02,3017.07,2969.54,3018.78,2958.49,6866302100.0,76105571277.8
2019-01-03,2963.02,2964.84,3000.44,2953.25,7086710300.0,76664797393.4
2019-01-04,2940.19,3035.87,3036.81,2935.83,10331897200.0,1.07141037088e+11
2019-01-07,3055.15,3054.3,3061.75,3035.91,10116435900.0,1.05703940791e+11
2019-01-08,3049.87,3047.7,3055.51,3038.53,8617058500.0,79628882664.2
2019-01-09,3065.23,3078.48,3117.96,3062.85,10736435000.0,1.17129678906e+11
2019-01-10,3077.48,3072.69,3092.54,3062.57,8527175600.0,90206871737.0
2019-01-11,3082.26,3094.78,3102.83,3071.03,7178642400.0,77420239578.5
2019-01-14,3092.5,3067.78,3097.41,3064.38,6612170200.0,68115969094.5
2019-01-15,3071.52,3127.99,3129.37,3064.67,8877296200.0,99976891144.1
2019-01-16,3126.13,3128.65,3135.01,3117.29,8021434100.0,85781591791.1
2019-01-17,3132.63,3111.42,3141.71,3110.06,8017487100.0,82888206986.1
2019-01-18,3124.5,3168.17,3171.69,3120.35,10396383400.0,1.06780658491e+11
2019-01-21,3170.88,3185.64,3199.21,3170.88,9391502200.0,1.0553698658e+11
2019-01-22,3181.95,3143.32,3181.95,3135.34,7299052800.0,78150876312.7
2019-01-23,3136.1,3141.05,3157.63,3131.87,5987047800.0,62669652004.0
2019-01-24,3146.6,3158.78,3165.63,3125.3,7293463600.0,80963877218.7
2019-01-25,3165.18,3184.47,3203.17,3164.41,8396772900.0,93207954747.8
2019-01-28,3203.12,3183.78,3228.87,3174.72,8262243100.0,97371496147.1
2019-01-29,3177.26,3193.97,3200.99,3148.23,7765833400.0,85943908590.0
2019-01-30,3181.66,3168.48,3202.9,3167.89,6374651700.0,73005123447.1
2019-01-31,3182.7,3201.63,3216.07,3178.01,8624783900.0,97509924771.0
2019-02-01,3225.73,3247.4,3247.5,3207.72,8201964100.0,94766412762.8
2019-02-11,3239.81,3306.47,3307.06,3239.81,9881843400.0,1.14752354821e+11
2019-02-12,3306.35,3330.34,3335.36,3298.63,12223246200.0,1.22834101007e+11
2019-02-13,3337.78,3397.03,3405.58,3329.14,16382833200.0,1.68866262062e+11
2019-02-14,3392.85,3402.14,3415.4,3381.98,15112729000.0,1.38649287971e+11
2019-02-15,3391.24,3338.7,3395.03,3335.87,14366860300.0,1.41555060948e+11
2019-02-18,3366.42,3445.74,3445.74,3366.42,18288608900.0,1.80449742544e+11
2019-02-19,3454.72,3439.61,3480.79,3419.07,17908378500.0,1.85762746553e+11
2019-02-20,3449.93,3451.93,3463.77,3421.51,14739031100.0,1.4557026307e+11
2019-02-21,3450.14,3442.71,3500.25,3431.63,18014328700.0,1.85197154785e+11
2019-02-22,3439.38,3520.12,3520.12,3417.98,18723797400.0,2.02869288708e+11
2019-02-25,3575.85,3729.48,3729.48,3574.69,34255712200.0,3.76382393433e+11
2019-02-26,3734.71,3684.69,3762.11,3679.27,35803869800.0,3.87632860075e+11
2019-02-27,3682.81,3678.39,3737.63,3638.33,28623600700.0,3.07306148139e+11
2019-02-28,3675.26,3669.37,3695.46,3650.05,18481022000.0,2.06010958185e+11
2019-03-01,3699.22,3749.71,3749.71,3668.77,20471100400.0,2.35620623488e+11
2019-03-04,3783.04,3794.1,3886.58,3764.78,32349012600.0,3.76397284706e+11
2019-03-05,3785.38,3816.01,3816.16,3770.79,23085316600.0,2.61464122212e+11
2019-03-06,3822.86,3848.09,3855.16,3787.52,31807737100.0,3.31155616598e+11
2019-03-07,3841.15,3808.85,3845.18,3778.8,32984654800.0,3.59339152916e+11
2019-03-08,3721.4,3657.58,3774.54,3656.19,31799007700.0,3.49296691227e+11
2019-03-11,3663.98,3729.95,3731.91,3650.81,23091286500.0,2.68718458804e+11
2019-03-12,3758.32,3755.35,3804.72,3723.68,27492638200.0,3.25180619759e+11
2019-03-13,3758.71,3724.19,3763.09,3708.81,23368224800.0,2.8617104816e+11
2019-03-14,3710.29,3698.49,3747.82,3673.85,19081723700.0,2.3182014939e+11
2019-03-15,3713.94,3745.01,3782.24,3713.94,17517454400.0,2.24194362925e+11
2019-03-18,3753.64,3851.75,3851.75,3733.68,21692806000.0,2.7647344887e+11
2019-03-19,3856.59,3833.96,3868.34,3815.22,18172711000.0,2.24096889634e+11
2019-03-20,3825.34,3835.44,3855.15,3790.51,17563209000.0,2.15406993602e+11
2019-03-21,3840.28,3836.89,3864.07,3823.47,19631031000.0,2.31993445602e+11
2019-03-22,3838.13,3833.8,3845.58,3786.59,17135699300.0,1.98518386319e+11
2019-03-25,3776.44,3742.83,3807.18,3741.61,19858632900.0,2.23396564361e+11
2019-03-26,3766.53,3700.44,3770.84,3687.55,17304657900.0,1.96547811179e+11
2019-03-27,3724.41,3743.39,3750.26,3703.45,13875845400.0,1.77507528442e+11
2019-03-28,3731.06,3728.4,3755.72,3710.08,13327212900.0,1.72604392908e+11
2019-03-29,3739.77,3872.34,3876.38,3739.77,21563910300.0,2.83022298648e+11
2019-04-01,3901.17,3973.93,3982.91,3901.17,27138270400.0,3.40799403573e+11
2019-04-02,3986.34,3971.29,3988.1,3956.51,22600034100.0,2.81892057021e+11
2019-04-03,3947.87,4022.16,4026.5,3939.78,23191736800.0,2.84826495445e+11
2019-04-04,4039.74,4062.23,4072.11,4021.71,26041093900.0,3.13539431378e+11
2019-04-08,4097.1,4057.23,4122.6,4017.49,26750557600.0,3.24670452523e+11
2019-04-09,4063.81,4075.43,4084.24,4038.28,18295680800.0,2.43187913128e+11
2019-04-10,4062.44,4085.85,4115.38,4035.47,19468761300.0,2.78282025052e+11
2019-04-11,4083.46,3997.58,4097.12,3990.24,16904964100.0,2.36259156719e+11
2019-04-12,3986.78,3988.62,4006.93,3961.46,13586211800.0,1.78795939062e+11
2019-04-15,4056.49,3975.52,4085.39,3974.23,18264557100.0,2.36298721391e+11
2019-04-16,3958.1,4085.79,4085.79,3943.49,20204196600.0,2.50569206656e+11
2019-04-17,4080.72,4087.24,4106.62,4057.5,18036711700.0,2.28824429887e+11
2019-04-18,4085.11,4072.08,4094.05,4056.24,14656212300.0,1.87812687766e+11
2019-04-19,4076.3,4120.61,4120.64,4046.2,15079491000.0,1.94701690763e+11
2019-04-22,4125.97,4025.61,4126.09,4015.47,18935374500.0,2.44380549239e+11
2019-04-23,4021.63,4019.01,4061.09,4005.28,15561165000.0,2.04121505816e+11
2019-04-24,4033.63,4030.09,4044.34,3967.81,14549869500.0,1.86497961652e+11
2019-04-25,4013.6,3941.82,4022.56,3938.33,15972207100.0,1.97530997752e+11
2019-04-26,3921.89,3889.27,3943.83,3887.25,14200806800.0,1.86572137127e+11
2019-04-29,3896.58,3900.33,3953.23,3875.45,15387092700.0,2.03946553152e+11
2019-04-30,3887.18,3913.21,3923.11,3885.15,11623337600.0,1.61665923924e+11
2019-05-06,3775.08,3684.62,3791.61,3647.14,19747288200.0,2.54115400089e+11
2019-05-07,3702.27,3720.67,3738.18,3671.83,13284765400.0,1.83659159181e+11
2019-05-08,3648.55,3667.46,3722.93,3642.5,11286735500.0,1.45058486354e+11
2019-05-09,3637.35,3599.7,3656.9,3584.82,10103739400.0,1.4182909576e+11
2019-05-10,3643.06,3730.45,3732.92,3589.29,14800384700.0,1.95067170793e+11
2019-05-13,3675.76,3668.73,3702.9,3658.0,10339186000.0,1.35053926707e+11
2019-05-14,3630.44,3645.15,3683.26,3630.44,10231346000.0,1.35262868908e+11
2019-05-15,3674.99,3727.09,3741.04,3674.99,11016176900.0,1.52534546781e+11
2019-05-16,3720.04,3743.96,3745.14,3707.9,11625827400.0,1.39851940057e+11
2019-05-17,3744.88,3648.76,3745.36,3637.58,12845324500.0,1.54092349652e+11
2019-05-20,3635.74,3617.79,3644.5,3583.83,10896347700.0,1.34194262584e+11
2019-05-21,3619.44,3666.78,3690.09,3610.68,11102292000.0,1.33071381089e+11
2019-05-22,3663.15,3649.38,3679.27,3634.75,9834612800.0,1.21775244163e+11
2019-05-23,3629.53,3583.96,3631.47,3578.11,9989778100.0,1.25611969477e+11
2019-05-24,3584.9,3593.91,3623.39,3580.79,8093404800.0,1.0133749638e+11
2019-05-27,3592.6,3637.2,3648.03,3556.26,10883087100.0,1.33399053908e+11
2019-05-28,3633.02,3672.26,3683.23,3627.79,11788624000.0,1.48966334657e+11
2019-05-29,3642.54,3663.91,3693.23,3637.35,9335544100.0,1.20002034237e+11
2019-05-30,3648.85,3641.18,3650.97,3612.62,9420256100.0,1.12864079305e+11
2019-05-31,3641.0,3629.79,3668.18,3627.54,8922226700.0,1.08264201339e+11
2019-06-03,3640.61,3632.01,3672.81,3613.13,10072318000.0,1.23902446407e+11
2019-06-04,3632.56,3598.47,3636.13,3584.46,8709709400.0,1.09467236536e+11
2019-06-05,3627.79,3597.11,3634.45,3593.95,8864202000.0,1.14634228239e+11
2019-06-06,3601.04,3564.68,3601.04,3557.02,8553440300.0,1.04367267724e+11
2019-06-10,3578.01,3610.74,3623.73,3568.28,9237506100.0,1.17346608912e+11
2019-06-11,3617.52,3719.28,3723.14,3617.52,14348280600.0,1.80899072311e+11
2019-06-12,3706.86,3691.1,3711.88,3683.94,11917885300.0,1.32296097905e+11
2019-06-13,3689.58,3685.39,3697.59,3654.27,9633171800.0,1.10459901918e+11
2019-06-14,3690.48,3654.88,3709.65,3650.91,10181700400.0,1.16584260575e+11
2019-06-17,3654.44,3654.82,3683.77,3645.5,7297667800.0,93092581297.8
2019-06-18,3661.13,3667.62,3675.65,3638.78,7069226600.0,89472839848.3
2019-06-19,3761.34,3715.94,3771.35,3715.13,12559571500.0,1.72574177792e+11
2019-06-20,3718.94,3828.52,3845.79,3717.19,16887207300.0,2.27726981966e+11
2019-06-21,3832.73,3833.94,3856.09,3817.31,15363515500.0,1.99961617616e+11
2019-06-24,3836.31,3841.27,3853.55,3819.77,10008462100.0,1.43644731704e+11
2019-06-25,3837.43,3801.31,3838.06,3755.01,12407591200.0,1.69358793347e+11
2019-06-26,3779.51,3794.33,3809.76,3771.72,8182028300.0,1.12106859022e+11
2019-06-27,3807.54,3834.82,3854.08,3805.83,10531635800.0,1.5648341819e+11
2019-06-28,3832.06,3825.59,3835.23,3803.05,8476613900.0,1.16512050674e+11
2019-07-01,3899.33,3935.81,3936.67,3886.91,15837034000.0,2.17470251111e+11
2019-07-02,3931.05,3937.17,3942.43,3918.94,13186349600.0,1.73997045122e+11
2019-07-03,3927.44,3893.53,3927.44,3878.84,11199260300.0,1.63145730935e+11
2019-07-04,3895.2,3873.1,3906.89,3854.69,9934225600.0,1.42669255177e+11
2019-07-05,3875.37,3893.2,3900.31,3857.93,7400652700.0,1.16236522103e+11
2019-07-08,3875.75,3802.79,3875.75,3775.03,10953908600.0,1.4719841938e+11
2019-07-09,3798.1,3793.13,3811.1,3774.76,7484273200.0,1.13147602951e+11
2019-07-10,3807.95,3786.74,3810.4,3774.23,7283394800.0,1.0135547703e+11
2019-07-11,3806.19,3785.22,3830.74,3774.41,7531196500.0,1.13674616215e+11
2019-07-12,3783.07,3808.73,3820.24,3774.52,7546596700.0,1.07007923971e+11
2019-07-15,3792.64,3824.19,3844.87,3745.85,10120522200.0,1.4249304661e+11
2019-07-16,3819.25,3806.84,3828.33,3799.87,8073095200.0,1.08449682784e+11
2019-07-17,3800.11,3804.64,3820.27,3787.9,9518388500.0,1.16766781138e+11
2019-07-18,3793.19,3768.4,3793.39,3768.0,8749644500.0,1.11669365488e+11
2019-07-19,3787.51,3807.96,3828.15,3787.51,8808614900.0,1.17797528166e+11
2019-07-22,3813.5,3781.68,3816.54,3765.44,9210137700.0,1.17810448146e+11
2019-07-23,3783.54,3789.91,3792.96,3768.76,7131334600.0,1.03866608769e+11
2019-07-24,3803.59,3819.83,3840.06,3803.57,9094068400.0,1.29940587223e+11
2019-07-25,3821.39,3851.07,3851.07,3812.95,9374041700.0,1.25899502555e+11
2019-07-26,3835.23,3858.57,3863.59,3832.52,8325930000.0,1.10929728704e+11
2019-07-29,3857.94,3854.27,3862.75,3842.43,8481437000.0,1.1167910884e+11
2019-07-30,3861.57,3870.32,3890.73,3861.57,9412395500.0,1.2048028002e+11
2019-07-31,3856.74,3835.36,3856.74,3830.09,8215115500.0,1.11083892777e+11
2019-08-01,3819.32,3803.47,3831.26,3791.55,8411418000.0,1.1764916385e+11
2019-08-02,3729.13,3747.44,3754.53,3720.06,10833589700.0,1.41874787569e+11
2019-08-05,3724.41,3675.69,3739.5,3675.69,10132598100.0,1.33061101376e+11
2019-08-06,3609.11,3636.33,3649.9,3575.86,12983387100.0,1.67267479639e+11
2019-08-07,3654.63,3621.43,3659.08,3621.43,8423871600.0,1.0866766803e+11
2019-08-08,3651.36,3669.29,3675.46,3646.94,8845770700.0,1.14981616121e+11
2019-08-09,3686.75,3633.53,3689.18,3628.12,8529558000.0,1.16355689959e+11
2019-08-12,3647.87,3699.1,3699.1,3643.32,8208305600.0,1.21129345184e+11
2019-08-13,3675.59,3665.75,3686.43,3658.01,7650030200.0,1.03764319441e+11
2019-08-14,3712.07,3682.4,3717.56,3680.61,9120259000.0,1.28301671073e+11
2019-08-15,3618.01,3694.0,3694.3,3612.11,8859883200.0,1.19241082583e+11
2019-08-16,3697.94,3710.54,3738.1,3687.08,8831916900.0,1.32696910341e+11
2019-08-19,3736.03,3791.09,3791.09,3720.69,13932701300.0,1.95448939476e+11
2019-08-20,3786.03,3787.73,3799.9,3778.73,10860208800.0,1.49115340695e+11
2019-08-21,3778.31,3781.76,3792.6,3775.45,8229988000.0,1.21688505095e+11
2019-08-22,3793.86,3793.51,3797.33,3771.2,8580779200.0,1.20708136081e+11
2019-08-23,3796.88,3820.86,3829.36,3788.03,8795458300.0,1.37802154001e+11
2019-08-26,3756.36,3765.91,3778.87,3753.16,9385926900.0,1.42350985497e+11
2019-08-27,3791.46,3816.95,3848.24,3790.87,12473147800.0,1.81748784078e+11
2019-08-28,3818.81,3802.58,3822.59,3790.14,8875081200.0,1.37667277244e+11
2019-08-29,3805.49,3790.19,3808.6,3774.4,8408338700.0,1.26475676638e+11
2019-08-30,3816.68,3799.59,3828.97,3778.92,9669515000.0,1.52408668676e+11
2019-09-02,3803.69,3848.32,3855.78,3799.82,11028934900.0,1.64994458613e+11
2019-09-03,3852.58,3853.61,3856.68,3833.76,9771463100.0,1.46270633848e+11
2019-09-04,3848.65,3886.0,3886.0,3846.42,12662861500.0,1.76839744819e+11
2019-09-05,3909.21,3925.32,3970.0,3909.21,18165623100.0,2.44681225481e+11
2019-09-06,3946.69,3948.51,3948.54,3922.34,12188237600.0,1.81718270031e+11
2019-09-09,3980.96,3972.95,3985.24,3954.88,14680975400.0,2.09545387191e+11
2019-09-10,3976.87,3959.27,3976.92,3938.74,13088938600.0,1.84494349874e+11
2019-09-11,3969.68,3930.1,3971.22,3922.95,13159487500.0,1.90165007512e+11
2019-09-12,3944.69,3972.38,3975.93,3933.44,11024127300.0,1.56750653138e+11
2019-09-16,3981.36,3957.72,3982.2,3943.37,11025980500.0,1.54736552348e+11
2019-09-17,3947.16,3891.22,3947.16,3879.49,11369431700.0,1.54899299888e+11
2019-09-18,3902.99,3910.08,3923.15,3902.51,8205615200.0,1.30159557672e+11
2019-09-19,3923.96,3924.38,3924.38,3897.07,8598423800.0,1.27421791159e+11
2019-09-20,3933.46,3935.65,3942.22,3921.41,10345595500.0,1.53162588495e+11
2019-09-23,3925.19,3890.66,3925.19,3868.21,9403622500.0,1.39223506453e+11
2019-09-24,3895.87,3901.08,3927.01,3886.14,8778323000.0,1.42341399679e+11
2019-09-25,3887.55,3870.98,3889.84,3867.23,8952083500.0,1.33224463638e+11
2019-09-26,3884.7,3841.14,3890.75,3840.25,10269830100.0,1.50806750013e+11
2019-09-27,3843.46,3852.65,3859.5,3832.25,7400394700.0,1.09130484004e+11
2019-09-30,3842.07,3814.53,3857.23,3813.55,6593131300.0,1.00487271138e+11
2019-10-08,3818.59,3837.68,3861.64,3818.59,7665786000.0,1.18365682514e+11
2019-10-09,3822.61,3843.24,3845.34,3805.07,7585451200.0,1.12406207028e+11
2019-10-10,3838.49,3874.64,3877.14,3829.43,7922269400.0,1.27474042852e+11
2019-10-11,3885.52,3911.73,3922.37,3868.84,9341257700.0,1.39817298256e+11
2019-10-14,3944.86,3953.24,3983.81,3934.73,12239361100.0,1.67857131154e+11
2019-10-15,3953.16,3936.25,3953.16,3928.15,8527394900.0,1.25117107011e+11
2019-10-16,3939.28,3922.69,3964.05,3919.02,8322970700.0,1.28558533503e+11
2019-10-17,3929.39,3925.22,3935.81,3913.92,6486374500.0,99991850408.9
2019-10-18,3935.42,3869.38,3940.54,3864.97,8232114000.0,1.2218692713e+11
2019-10-21,3865.34,3880.84,3884.74,3856.04,7418291800.0,1.10858235839e+11
2019-10-22,3896.31,3895.88,3897.44,3870.55,6891856600.0,1.02843371161e+11
2019-10-23,3892.68,3871.08,3901.42,3862.2,7019862500.0,99733598352.8
2019-10-24,3877.92,3870.67,3890.2,3852.58,7133457500.0,1.05096951646e+11
2019-10-25,3871.77,3896.79,3899.72,3849.03,7745362000.0,1.26677483957e+11
2019-10-28,3904.98,3926.59,3927.8,3897.82,9740602000.0,1.50762201736e+11
2019-10-29,3929.71,3910.23,3932.37,3910.23,8225707500.0,1.39611420266e+11
2019-10-30,3904.72,3891.23,3908.1,3883.45,7787292300.0,1.22610501731e+11
2019-10-31,3906.86,3886.75,3907.15,3878.88,8671453900.0,1.35012425538e+11
2019-11-01,3883.81,3952.39,3956.08,3876.42,10068961200.0,1.51471061323e+11
2019-11-04,3964.01,3978.12,3985.36,3964.01,10419385500.0,1.54485361812e+11
2019-11-05,3982.12,4002.81,4030.64,3970.87,11291188000.0,1.63317856089e+11
2019-11-06,4006.33,3984.88,4007.5,3973.78,9731295200.0,1.3985976347e+11
2019-11-07,3984.55,3991.87,4005.38,3975.55,8725489800.0,1.17751554347e+11
2019-11-08,4017.67,3973.01,4022.04,3971.57,9710694800.0,1.39026673427e+11
2019-11-11,3948.62,3902.98,3948.62,3897.55,9415562100.0,1.30330082289e+11
2019-11-12,3905.96,3903.69,3914.88,3877.74,7654306900.0,1.08828235839e+11
2019-11-13,3905.28,3899.98,3908.42,3882.43,7674907800.0,1.12057146508e+11
2019-11-14,3905.93,3905.86,3916.95,3895.14,8700844600.0,1.19791566839e+11
2019-11-15,3908.49,3877.09,3915.1,3877.09,8373091700.0,1.15423020916e+11
2019-11-18,3874.44,3907.93,3913.1,3868.32,7664599300.0,1.07085819889e+11
2019-11-19,3904.1,3947.04,3947.04,3902.38,8216102500.0,1.23227172612e+11
2019-11-20,3940.13,3907.86,3943.23,3901.99,7681533300.0,1.18003062733e+11
2019-11-21,3894.54,3889.6,3901.83,3875.97,6913053800.0,1.04147769298e+11
2019-11-22,3894.17,3849.99,3918.84,3833.5,9104263900.0,1.4698116209e+11
2019-11-25,3850.97,3878.21,3878.25,3839.42,10606628900.0,1.40851076272e+11
2019-11-26,3893.43,3891.65,3899.11,3869.59,11151353700.0,1.40213633065e+11
2019-11-27,3883.43,3875.62,3889.98,3862.7,7643730500.0,1.07238822033e+11
2019-11-28,3877.9,3862.3,3887.69,3852.01,6523011900.0,87081788912.3
2019-11-29,3857.19,3828.67,3861.66,3804.83,7414433100.0,1.16200556869e+11
2019-12-02,3835.51,3836.06,3854.75,3829.31,7741217300.0,1.09992592541e+11
2019-12-03,3829.21,3851.09,3851.12,3811.63,7361124000.0,1.08703714965e+11
2019-12-04,3841.66,3849.82,3852.99,3831.07,7968338500.0,1.09646342796e+11
2019-12-05,3863.61,3879.36,3883.4,3859.82,8905119300.0,1.29357592812e+11
2019-12-06,3885.06,3902.39,3902.39,3878.7,7864888700.0,1.16424775802e+11
2019-12-09,3909.53,3895.45,3911.97,3885.25,9535380600.0,1.30873098246e+11
2019-12-10,3886.44,3900.38,3900.96,3882.09,8626292800.0,1.21118412751e+11
2019-12-11,3907.16,3902.75,3909.39,3890.34,9976548000.0,1.27690403434e+11
2019-12-12,3908.45,3891.02,3908.45,3886.12,8470833000.0,1.17874313734e+11
2019-12-13,3928.0,3968.22,3969.46,3925.28,14857134900.0,2.01018885799e+11
2019-12-16,3970.71,3987.55,3987.59,3953.51,14848667000.0,2.02154895254e+11
2019-12-17,3987.74,4041.8,4067.14,3984.52,20116293700.0,2.51637865288e+11
2019-12-18,4039.72,4032.78,4057.64,4025.34,15135176400.0,1.97620207485e+11
2019-12-19,4034.62,4027.15,4038.54,4014.9,11790055800.0,1.52553809117e+11
2019-12-20,4032.15,4017.25,4046.73,4014.93,12126766200.0,1.58460232417e+11
2019-12-23,4014.69,3967.1,4032.17,3964.38,12281624600.0,1.62048261474e+11
2019-12-24,3971.56,3992.96,3994.51,3963.67,9598904500.0,1.22499163329e+11
2019-12-25,3988.66,3990.87,4000.56,3976.36,9493889000.0,1.31896466969e+11
2019-12-26,3993.67,4025.99,4025.99,3993.54,10886064000.0,1.40814968243e+11
2019-12-27,4029.25,4022.03,4066.8,4019.72,15092641100.0,1.95090417042e+11
2019-12-30,4015.52,4081.63,4083.69,4001.5,15597148800.0,2.16814660017e+11
2019-12-31,4077.75,4096.58,4098.14,4069.01,12326425800.0,1.7311934851e+11
2020-01-02,4121.35,4152.24,4172.66,4121.35,18211677200.0,2.70105532028e+11
2020-01-03,4161.22,4144.96,4164.3,4131.86,14282624400.0,2.15216288331e+11
2020-01-06,4120.52,4129.3,4170.64,4102.38,17530995300.0,2.50182071294e+11
2020-01-07,4137.4,4160.23,4161.25,4135.1,13948903100.0,1.96389059715e+11
2020-01-08,4139.63,4112.32,4149.81,4101.98,16758585000.0,2.12406263857e+11
2020-01-09,4145.53,4164.37,4165.66,4143.59,13688632400.0,2.00150352942e+11
2020-01-10,4177.58,4163.18,4180.98,4148.48,11303171900.0,1.77827413709e+11
2020-01-13,4166.93,4203.99,4203.99,4148.6,11969198200.0,1.99795489709e+11
2020-01-14,4215.16,4189.89,4223.51,4188.08,12932078300.0,1.96221263396e+11
2020-01-15,4186.88,4166.73,4193.87,4150.88,10463313600.0,1.63081930622e+11
2020-01-16,4174.82,4149.04,4175.29,4142.18,10026764200.0,1.56242505812e+11
2020-01-17,4162.19,4154.85,4177.03,4141.64,9872568200.0,1.66591591594e+11
2020-01-20,4170.74,4185.83,4185.96,4149.49,12240914700.0,2.02692287442e+11
2020-01-21,4165.02,4114.31,4165.02,4113.33,13052750700.0,2.04586880494e+11
2020-01-22,4093.8,4131.93,4141.18,4046.49,12675876300.0,2.08136150792e+11
2020-01-23,4093.32,4003.9,4103.52,3972.39,16035760300.0,2.50409357701e+11
2020-02-03,3639.91,3688.36,3732.16,3639.91,15755964700.0,2.43303105386e+11
2020-02-04,3652.0,3785.64,3786.86,3652.0,21393332800.0,2.98165767621e+11
2020-02-05,3801.1,3828.53,3866.01,3781.61,17492552400.0,2.64042920866e+11
2020-02-06,3841.75,3899.78,3914.92,3806.96,17646223500.0,2.62820088452e+11
2020-02-07,3879.55,3899.87,3899.88,3849.71,15173175900.0,2.37508816256e+11
2020-02-10,3872.37,3916.01,3920.17,3861.01,14840696900.0,2.29625441896e+11
2020-02-11,3926.42,3952.46,3970.52,3915.71,14344167400.0,2.19307119361e+11
2020-02-12,3945.67,3984.43,3984.43,3940.67,12671032100.0,2.0077670655e+11
2020-02-13,3985.88,3959.92,3999.55,3950.14,14500184300.0,2.28605964793e+11
2020-02-14,3954.23,3987.73,4001.56,3954.02,14323980300.0,2.22895073625e+11
2020-02-17,3999.65,4077.42,4077.45,3999.65,18277896900.0,2.73067817278e+11
2020-02-18,4069.83,4057.51,4076.39,4027.79,16323622000.0,2.42552517334e+11
2020-02-19,4049.59,4051.31,4085.17,4042.85,16904644100.0,2.5755453573e+11
2020-02-20,4062.9,4144.66,4148.53,4055.81,21223262400.0,3.10835589162e+11
2020-02-21,4134.87,4149.49,4184.44,4130.17,21721360400.0,3.26564003558e+11
2020-02-24,4131.84,4132.84,4149.01,4097.18,21286930300.0,3.26387800606e+11
2020-02-25,4066.3,4123.85,4126.71,4020.91,24416783100.0,3.7221371703e+11
2020-02-26,4070.1,4073.02,4132.78,4061.13,26109406100.0,3.66022417907e+11
2020-02-27,4084.08,4084.88,4110.53,4067.44,18129098100.0,2.82050206371e+11
2020-02-28,3988.73,3940.05,4031.15,3928.07,23027509300.0,3.30358907266e+11
2020-03-02,3968.84,4069.67,4092.54,3968.84,21931355900.0,3.17426205457e+11
2020-03-03,4125.14,4091.36,4147.65,4067.91,21936977700.0,3.30802584619e+11
2020-03-04,4078.5,4115.05,4115.26,4060.73,18242473000.0,2.81784863845e+11
2020-03-05,4150.21,4206.73,4215.85,4127.04,23182311500.0,3.62838831776e+11
2020-03-06,4158.2,4138.51,4181.31,4135.39,17247571700.0,2.53168631959e+11
2020-03-09,4063.08,3997.13,4063.08,3995.13,20810203500.0,3.05428730304e+11
2020-03-10,3975.23,4082.73,4093.0,3954.75,19741640200.0,2.96184435851e+11
2020-03-11,4090.93,4028.43,4091.27,4028.4,16165611100.0,2.44990872686e+11
2020-03-12,3976.11,3950.91,3987.43,3926.27,15706045800.0,2.33152848759e+11
2020-03-13,3771.01,3895.31,3937.18,3765.15,18829672200.0,2.80213453214e+11
2020-03-16,3899.86,3727.84,3899.86,3720.51,18596826000.0,2.82836238271e+11
2020-03-17,3739.78,3709.68,3786.89,3618.31,16624612900.0,2.50824025697e+11
2020-03-18,3729.69,3636.26,3775.85,3636.26,15503754700.0,2.44127161535e+11
2020-03-19,3623.79,3589.09,3647.99,3503.19,18080740700.0,2.71827467962e+11
2020-03-20,3629.51,3653.22,3663.95,3588.78,13960300000.0,2.11223073323e+11
2020-03-23,3542.68,3530.31,3585.8,3523.79,13710879000.0,1.9766962497e+11
2020-03-24,3598.65,3625.11,3627.76,3545.45,14310302100.0,2.08553840688e+11
2020-03-25,3711.48,3722.52,3732.65,3685.99,15349595800.0,2.31561518761e+11
2020-03-26,3692.61,3698.05,3736.25,3681.27,11231066500.0,1.69336311861e+11
2020-03-27,3746.39,3710.06,3758.78,3709.92,12406099500.0,1.86103426335e+11
2020-03-30,3657.46,3674.11,3690.64,3637.59,12687667300.0,1.80640799409e+11
2020-03-31,3708.14,3686.16,3716.07,3676.2,11145302500.0,1.61595510008e+11
2020-04-01,3682.3,3675.08,3731.78,3670.97,11935262000.0,1.70422568804e+11
2020-04-02,3656.32,3734.53,3734.53,3652.32,11516820900.0,1.68893255657e+11
2020-04-03,3721.48,3713.22,3738.83,3698.98,9982508300.0,1.50132815028e+11
2020-04-07,3779.91,3798.02,3803.63,3772.21,14277803000.0,2.07642820317e+11
2020-04-08,3776.42,3780.34,3793.0,3767.29,11138951300.0,1.6157677232e+11
2020-04-09,3798.49,3792.81,3801.72,3785.31,10048503200.0,1.54595318813e+11
2020-04-10,3794.84,3769.18,3824.74,3758.96,10244495600.0,1.62251233801e+11
2020-04-13,3751.71,3753.26,3769.88,3740.19,7905334300.0,1.19874303205e+11
2020-04-14,3777.83,3825.7,3825.76,3764.98,11063758500.0,1.70612579792e+11
2020-04-15,3820.85,3797.36,3829.8,3793.44,10846198400.0,1.69700216633e+11
2020-04-16,3777.8,3802.38,3807.36,3774.56,9594796500.0,1.47164302057e+11
2020-04-17,3831.92,3839.49,3863.45,3821.42,13200430100.0,2.03595267034e+11
2020-04-20,3845.46,3853.46,3853.8,3831.55,10001311500.0,1.51924090117e+11
2020-04-21,3838.23,3808.05,3838.23,3780.0,10292188800.0,1.55077454132e+11
2020-04-22,3789.13,3839.38,3839.38,3782.21,8589946400.0,1.3554728079e+11
2020-04-23,3851.91,3829.75,3857.47,3826.56,9550845000.0,1.42122548832e+11
2020-04-24,3826.31,3796.97,3827.21,3787.07,9484413500.0,1.38961200283e+11
2020-04-27,3808.02,3822.77,3842.87,3793.77,9546273500.0,1.45301151875e+11
2020-04-28,3835.35,3849.15,3859.68,3768.2,12209347600.0,1.8417975924e+11
2020-04-29,3837.51,3867.03,3880.74,3833.72,9585459000.0,1.51282103744e+11
2020-04-30,3880.41,3912.58,3921.7,3880.41,13291712500.0,2.02268288802e+11
2020-05-06,3867.26,3936.25,3937.69,3865.99,13985567500.0,2.14935962364e+11
2020-05-07,3937.59,3924.89,3941.48,3915.9,10551464600.0,1.6720780184e+11
2020-05-08,3943.0,3963.62,3979.66,3935.98,11694334100.0,1.90299584717e+11
2020-05-11,3974.76,3960.18,3998.1,3944.5,12267380300.0,1.937580939e+11
2020-05-12,3961.34,3960.24,3970.11,3930.21,9825055400.0,1.5746578006e+11
2020-05-13,3946.64,3968.25,3972.53,3932.57,8819066900.0,1.45563383276e+11
2020-05-14,3952.2,3925.22,3952.2,3924.05,8853000400.0,1.4349917772e+11
2020-05-15,3941.13,3912.82,3945.2,3907.4,9261838200.0,1.53301505149e+11
2020-05-18,3914.66,3922.91,3946.43,3898.4,11280176200.0,1.88528121368e+11
2020-05-19,3963.78,3956.25,3966.85,3944.07,9401529100.0,1.59886222402e+11
2020-05-20,3955.71,3935.22,3955.71,3923.92,10079115000.0,1.57102533276e+11
2020-05-21,3950.6,3913.79,3951.74,3907.58,9486103300.0,1.49154142258e+11
2020-05-22,3907.58,3824.06,3907.58,3818.15,10337836000.0,1.57286504986e+11
2020-05-25,3828.32,3829.32,3835.63,3800.18,7903332600.0,1.27011917716e+11
2020-05-26,3850.0,3872.77,3874.75,3844.48,7744807600.0,1.25445619317e+11
2020-05-27,3873.7,3845.61,3873.7,3838.42,8371183100.0,1.23737501164e+11
2020-05-28,3848.49,3856.63,3885.42,3818.43,9306405400.0,1.39108407792e+11
2020-05-29,3838.38,3867.02,3872.3,3830.42,9381383200.0,1.35658136028e+11
2020-06-01,3901.73,3971.34,3976.32,3901.73,13645665200.0,2.08436512945e+11
2020-06-02,3969.95,3983.57,3991.78,3958.98,14430306000.0,1.95563304256e+11
2020-06-03,4001.17,3983.65,4018.68,3982.93,13659748300.0,2.00882767677e+11
2020-06-04,3998.16,3982.19,3999.81,3968.57,10427773700.0,1.49057855838e+11
2020-06-05,3988.22,4001.25,4001.25,3967.93,10244394200.0,1.54311342982e+11
2020-06-08,4023.61,4021.95,4050.22,4016.1,13792581300.0,1.93047518688e+11
2020-06-09,4027.56,4047.03,4052.16,4016.34,11530447900.0,1.6653396601e+11
2020-06-10,4046.23,4039.71,4046.23,4024.42,11226572800.0,1.66778642366e+11
2020-06-11,4031.74,3995.88,4043.01,3979.75,12730894100.0,1.97079441861e+11
2020-06-12,3931.62,4003.08,4011.06,3927.25,13416664900.0,1.93504046742e+11
2020-06-15,3982.97,3954.99,4007.14,3954.99,13129786000.0,2.11125336144e+11
2020-06-16,3995.58,4014.57,4014.57,3987.86,11105153900.0,1.85104029159e+11
2020-06-17,4018.61,4017.59,4018.61,3992.13,10560579900.0,1.76977503611e+11
2020-06-18,4009.78,4044.38,4047.56,4000.9,13814876100.0,2.10192918146e+11
2020-06-19,4047.05,4098.71,4109.36,4043.49,15294699000.0,2.555497973e+11
2020-06-22,4097.51,4102.05,4126.94,4088.78,15582946500.0,2.59200520726e+11
2020-06-23,4098.04,4121.79,4124.73,4080.75,12922951000.0,2.34806510834e+11
2020-06-24,4128.1,4138.99,4144.68,4123.36,12171246500.0,2.24551430008e+11
2020-06-29,4127.93,4109.72,4137.37,4092.54,13086585400.0,2.26522059763e+11
2020-06-30,4130.0,4163.96,4174.42,4129.78,12593352100.0,2.27935704489e+11
2020-07-01,4172.64,4247.78,4247.78,4163.5,16999045600.0,3.05711799762e+11
2020-07-02,4239.41,4335.84,4340.1,4238.12,25293936800.0,3.99571526695e+11
2020-07-03,4353.19,4419.6,4419.6,4348.45,29048553900.0,4.42335024266e+11
2020-07-06,4465.81,4670.09,4678.11,4465.81,40582102500.0,5.97438217716e+11
2020-07-07,4739.61,4698.13,4796.32,4688.06,40600855300.0,6.35254742706e+11
2020-07-08,4692.86,4774.0,4803.36,4670.65,34807484700.0,5.32849825964e+11
2020-07-09,4770.08,4840.77,4854.12,4757.29,35104689300.0,5.56718732099e+11
2020-07-10,4796.09,4753.13,4821.37,4734.47,31694965100.0,5.10472055096e+11
2020-07-13,4742.37,4852.96,4878.08,4741.87,32164544600.0,5.41105098721e+11
2020-07-14,4836.17,4806.69,4860.44,4729.93,29724198500.0,5.11211048185e+11
2020-07-15,4821.52,4744.47,4837.48,4723.36,27238900600.0,4.8674834768e+11
2020-07-16,4741.53,4516.25,4772.56,4513.65,28465713300.0,5.11237962884e+11
2020-07-17,4524.77,4544.7,4601.37,4485.82,20737556300.0,3.72973887046e+11
2020-07-20,4597.2,4680.3,4681.94,4534.23,24606891400.0,4.16714222276e+11
2020-07-21,4697.5,4691.04,4714.29,4661.44,20041565900.0,3.56069805763e+11
2020-07-22,4682.66,4714.45,4790.45,4675.35,22419921100.0,3.86470859914e+11
2020-07-23,4668.74,4712.44,4731.4,4607.66,23431456900.0,4.05175268661e+11
2020-07-24,4679.03,4505.59,4691.7,4479.39,24390520300.0,4.3772671228e+11
2020-07-27,4535.01,4528.45,4558.12,4482.44,17142055100.0,3.01893370163e+11
2020-07-28,4567.67,4568.26,4590.25,4537.68,16276849800.0,2.92835785345e+11
2020-07-29,4559.16,4679.01,4680.56,4548.85,18669530500.0,3.5043264916e+11
2020-07-30,4689.76,4656.15,4704.63,4649.77,16696756600.0,3.24009242692e+11
2020-07-31,4652.18,4695.05,4741.81,4621.96,18483902600.0,3.51119312415e+11
2020-08-03,4735.9,4771.31,4771.37,4720.02,21477623900.0,4.01914824928e+11
2020-08-04,4778.49,4775.8,4807.08,4747.77,23997498500.0,4.26411345936e+11
2020-08-05,4761.76,4777.11,4786.7,4711.27,19670054800.0,3.47407839399e+11
2020-08-06,4779.24,4762.76,4791.86,4691.16,22785440600.0,4.04323404007e+11
2020-08-07,4742.29,4707.93,4749.02,4637.84,21351821600.0,3.97041212825e+11
2020-08-10,4681.76,4724.87,4757.66,4646.29,20378883200.0,3.71297560018e+11
2020-08-11,4730.37,4681.78,4791.53,4674.86,20554651100.0,3.50828586241e+11
2020-08-12,4668.89,4647.64,4681.62,4566.27,20288723900.0,3.47298673202e+11
2020-08-13,4666.49,4635.71,4671.77,4626.1,15255009200.0,2.50945872579e+11
2020-08-14,4627.61,4704.63,4708.07,4617.63,14729292100.0,2.54343934256e+11
2020-08-17,4727.12,4815.23,4838.09,4721.36,26800155600.0,4.16469154934e+11
2020-08-18,4816.57,4812.76,4825.39,4788.83,18913985400.0,3.14395904536e+11
2020-08-19,4804.67,4740.68,4809.05,4738.01,19244294800.0,3.19403284708e+11
2020-08-20,4708.13,4679.15,4721.44,4662.8,15836863900.0,2.60486563515e+11
2020-08-21,4717.79,4718.84,4739.48,4684.81,14265786400.0,2.51775160234e+11
2020-08-24,4746.4,4755.85,4769.47,4716.61,15114351200.0,2.72428686419e+11
2020-08-25,4769.21,4761.95,4802.41,4746.31,14170135100.0,2.62308788274e+11
2020-08-26,4761.72,4706.13,4786.42,4689.88,15130518000.0,2.77456360643e+11
2020-08-27,4718.06,4731.35,4731.94,4679.36,11904285000.0,2.23631511406e+11
2020-08-28,4727.29,4844.27,4850.49,4719.35,15939976500.0,3.05047882509e+11
2020-08-31,4870.93,4816.22,4901.21,4816.21,20256702900.0,3.57005064605e+11
2020-09-01,4803.39,4842.12,4842.14,4791.78,13839540200.0,2.62018070577e+11
2020-09-02,4859.08,4843.89,4863.55,4797.52,15798952400.0,2.80778613751e+11
2020-09-03,4841.5,4817.1,4877.01,4800.06,14567120100.0,2.79411988792e+11
2020-09-04,4737.24,4770.22,4778.2,4726.56,12003279600.0,2.38463337879e+11
2020-09-07,4759.52,4669.37,4789.3,4655.56,14860779100.0,2.82316394068e+11
2020-09-08,4683.83,4694.39,4707.9,4639.05,13919922700.0,2.49198138076e+11
2020-09-09,4634.25,4584.59,4645.2,4558.03,16227710700.0,2.44905191934e+11
2020-09-10,4632.1,4581.98,4647.75,4572.21,15065287800.0,2.26146354805e+11
2020-09-11,4572.26,4627.28,4630.88,4563.11,11530242400.0,1.98240927302e+11
2020-09-14,4652.05,4651.05,4666.99,4625.99,10723517900.0,2.11653411811e+11
2020-09-15,4649.45,4688.48,4691.5,4630.54,10191592500.0,1.94573684119e+11
2020-09-16,4683.01,4657.36,4690.68,4638.46,10875364100.0,1.96120184851e+11
2020-09-17,4642.05,4632.71,4664.95,4601.64,10598363100.0,2.1414664727e+11
2020-09-18,4636.64,4737.09,4737.8,4631.7,16042647500.0,2.81885944229e+11
2020-09-21,4750.75,4691.43,4752.98,4688.72,12453582700.0,2.24137912695e+11
2020-09-22,4654.22,4635.76,4706.21,4622.11,11967294700.0,2.02909215535e+11
2020-09-23,4639.66,4652.33,4665.96,4623.55,9582652800.0,1.90393472276e+11
2020-09-24,4623.95,4563.07,4631.95,4562.21,11259368300.0,1.935158737e+11
2020-09-25,4582.48,4570.02,4599.54,4554.72,9301515500.0,1.67457376964e+11
2020-09-28,4582.65,4581.91,4613.63,4571.15,8504838900.0,1.59314675407e+11
2020-09-29,4608.29,4591.8,4616.68,4586.35,8599385800.0,1.59937888502e+11
2020-09-30,4607.58,4587.4,4634.72,4563.41,8908120000.0,1.65532220885e+11
2020-10-09,4663.61,4681.14,4695.4,4655.09,11133751200.0,2.2992673149e+11
2020-10-12,4705.19,4823.16,4823.27,4704.16,15578455800.0,3.07848558046e+11
2020-10-13,4812.9,4839.2,4845.92,4795.37,11651633800.0,2.42172567248e+11
2020-10-14,4830.46,4807.1,4830.46,4795.91,11190692300.0,2.29836207248e+11
2020-10-15,4810.78,4798.74,4833.89,4796.26,10996496200.0,2.13878285046e+11
2020-10-16,4798.92,4791.68,4825.55,4765.97,11671610200.0,2.04175130718e+11
2020-10-19,4823.49,4755.49,4849.6,4747.34,12924636100.0,2.25392198225e+11
2020-10-20,4751.37,4793.47,4793.47,4739.46,9804815600.0,1.85849198018e+11
2020-10-21,4801.63,4792.83,4801.63,4758.86,10380570300.0,1.89978697044e+11
2020-10-22,4780.6,4777.98,4791.81,4725.5,10135089100.0,1.9461497117e+11
2020-10-23,4775.47,4718.49,4802.46,4717.1,10682518400.0,2.00985821992e+11
2020-10-26,4684.05,4691.24,4713.39,4639.3,10834327500.0,2.05518988284e+11
2020-10-27,4680.14,4699.28,4708.46,4671.85,9265630400.0,1.8667554569e+11
2020-10-28,4703.0,4737.27,4753.31,4685.6,10846340200.0,2.26754264067e+11
2020-10-29,4683.61,4772.92,4803.03,4679.25,11711725000.0,2.52303504993e+11
2020-10-30,4776.47,4695.33,4778.51,4683.47,13980230300.0,2.80783321713e+11
2020-11-02,4702.75,4720.83,4738.02,4695.44,14286769300.0,2.79027685157e+11
2020-11-03,4743.17,4777.56,4793.4,4734.17,13605540800.0,2.52390556314e+11
2020-11-04,4781.45,4813.66,4825.46,4770.56,11466180600.0,2.30513773046e+11
2020-11-05,4861.34,4885.11,4885.11,4838.0,13924459400.0,2.81951932371e+11
2020-11-06,4897.63,4885.72,4897.63,4845.43,15363903400.0,3.05365103653e+11
2020-11-09,4918.86,4981.35,4997.8,4918.86,19713198400.0,3.71923282063e+11
2020-11-10,4995.41,4953.88,4995.41,4928.93,17626721400.0,3.34271459964e+11
2020-11-11,4937.76,4904.9,4957.58,4901.71,16447051500.0,3.03858557977e+11
2020-11-12,4916.77,4908.46,4926.34,4891.51,11811461900.0,2.27645907147e+11
2020-11-13,4886.98,4856.85,4886.98,4825.76,13369307900.0,2.55353111738e+11
2020-11-16,4880.96,4904.17,4904.17,4848.62,14877098000.0,2.66705031672e+11
2020-11-17,4903.12,4894.79,4909.29,4865.39,15148746400.0,2.88911408551e+11
2020-11-18,4889.67,4891.67,4911.09,4870.72,16421661600.0,2.90727223227e+11
2020-11-19,4880.92,4927.99,4939.79,4870.2,13368137800.0,2.47727135e+11
2020-11-20,4928.22,4943.29,4947.43,4922.59,12940034100.0,2.29053679195e+11
2020-11-23,4954.6,5005.03,5029.65,4940.45,20591518700.0,3.33633826417e+11
2020-11-24,4997.05,4974.29,5001.06,4960.98,15663791100.0,2.64804443318e+11
2020-11-25,4992.75,4910.7,5004.77,4910.7,17034052700.0,2.77070642971e+11
2020-11-26,4908.32,4919.59,4925.29,4867.82,13720233800.0,2.39748145476e+11
2020-11-27,4930.59,4980.77,4980.77,4917.35,16295292200.0,2.53178971224e+11
2020-11-30,4994.11,4960.25,5055.19,4960.25,26263895000.0,3.96495834421e+11
2020-12-01,4963.13,5067.1,5072.55,4963.13,20406563800.0,3.28451014444e+11
2020-12-02,5072.98,5067.14,5090.61,5043.31,19543547600.0,3.10609728842e+11
2020-12-03,5065.45,5057.06,5072.3,5033.79,17786574800.0,2.75335207429e+11
2020-12-04,5049.52,5065.92,5072.39,5017.85,14434716700.0,2.57798820735e+11
2020-12-07,5065.73,5022.24,5067.87,5014.61,13989621700.0,2.64657773933e+11
2020-12-08,5029.11,5009.88,5043.06,4998.92,12307302900.0,2.34880648439e+11
2020-12-09,5022.38,4942.7,5033.64,4942.52,13891696500.0,2.60772774153e+11
2020-12-10,4931.29,4940.52,4962.74,4919.77,12591427000.0,2.29651278357e+11
2020-12-11,4957.82,4889.63,4957.82,4849.35,15935769700.0,2.7521273007e+11
2020-12-14,4903.63,4934.84,4937.26,4887.66,12080155200.0,2.47878279711e+11
2020-12-15,4931.6,4945.1,4954.19,4904.79,11834263300.0,2.48093390249e+11
2020-12-16,4957.3,4953.87,4968.86,4938.19,10677896800.0,2.29696035697e+11
2020-12-17,4960.73,5017.48,5021.62,4950.37,13338547900.0,2.70180356109e+11
2020-12-18,5014.32,4999.97,5027.44,4979.01,12804961800.0,2.58938551536e+11
2020-12-21,4995.76,5046.84,5048.51,4970.0,14081178200.0,2.98204296843e+11
2020-12-22,5034.98,4964.77,5055.13,4960.95,16234497000.0,3.26758817663e+11
2020-12-23,4977.3,5007.12,5028.45,4968.15,14029281900.0,3.08729037474e+11
2020-12-24,5006.01,5000.02,5033.04,4979.24,11441866700.0,2.46674476189e+11
2020-12-25,4985.77,5042.01,5042.1,4973.68,12100697900.0,2.43992268243e+11
2020-12-28,5042.94,5064.41,5089.34,5037.86,13691440700.0,2.8101925417e+11
2020-12-29,5071.45,5042.94,5077.42,5034.31,14119866200.0,2.79035233254e+11
2020-12-30,5037.98,5113.71,5113.71,5036.63,14862644800.0,2.96577812603e+11
2020-12-31,5122.48,5211.29,5215.62,5122.48,17160250900.0,3.58731371835e+11
2021-01-04,5212.93,5267.72,5284.43,5190.94,21171138200.0,4.52796175554e+11
2021-01-05,5245.84,5368.5,5368.5,5234.38,22493115900.0,4.98041939761e+11
2021-01-06,5386.51,5417.67,5433.47,5341.43,19377344400.0,4.44434377137e+11
2021-01-07,5428.39,5513.66,5513.66,5413.35,21987208000.0,4.73385353696e+11
2021-01-08,5526.29,5495.43,5547.47,5442.69,20432495600.0,4.73567653979e+11
2021-01-11,5504.24,5441.16,5555.69,5412.5,23183598300.0,5.22298482544e+11
2021-01-12,5419.5,5596.35,5596.35,5417.63,22422018600.0,4.8623376074e+11
2021-01-13,5609.26,5577.97,5644.72,5535.14,26156988600.0,5.46959736366e+11
2021-01-14,5556.21,5470.46,5568.02,5458.68,24368338000.0,5.01890111879e+11
2021-01-15,5471.39,5458.08,5500.63,5390.27,23863743500.0,4.75709920372e+11
2021-01-18,5438.16,5518.52,5541.46,5410.78,20705186900.0,4.22717209153e+11
2021-01-19,5525.97,5437.52,5532.48,5415.72,21104342500.0,4.3320517645e+11
2021-01-20,5439.91,5476.43,5496.05,5426.54,17091326000.0,3.73770384496e+11
2021-01-21,5492.96,5564.97,5593.11,5490.56,20995019700.0,4.53183684479e+11
2021-01-22,5562.38,5569.78,5573.66,5513.88,19930002000.0,4.56622193436e+11
2021-01-25,5564.12,5625.92,5655.48,5543.27,19704701900.0,5.08166980802e+11
2021-01-26,5600.9,5512.97,5600.9,5506.0,17190459000.0,4.15008069865e+11
2021-01-27,5505.77,5528.0,5534.99,5449.64,16019084100.0,3.76892605839e+11
2021-01-28,5450.37,5377.14,5462.24,5360.38,17048558500.0,3.76166523178e+11
2021-01-29,5413.97,5351.96,5430.2,5288.1,18217878400.0,3.90287690019e+11
2021-02-01,5356.85,5417.65,5422.3,5342.05,16631370600.0,3.4685908373e+11
2021-02-02,5429.7,5501.09,5503.21,5411.52,16521056500.0,3.80016716112e+11
2021-02-03,5499.3,5485.2,5532.89,5473.12,18805431700.0,4.04343602638e+11
2021-02-04,5453.98,5473.95,5510.05,5411.57,18057565400.0,3.9799520538e+11
2021-02-05,5494.7,5483.41,5550.77,5477.65,18969959800.0,3.9540013449e+11
2021-02-08,5506.14,5564.56,5576.49,5479.85,16403377500.0,3.67582771659e+11
2021-02-09,5584.17,5686.25,5686.25,5555.05,16488726000.0,3.78769121172e+11
2021-02-10,5709.68,5807.72,5823.42,5707.33,17016978600.0,4.17056463361e+11
2021-02-18,5922.07,5768.38,5930.91,5747.66,21884868600.0,5.07481235978e+11
2021-02-19,5734.02,5778.84,5787.89,5667.32,21447578000.0,4.56433793702e+11
2021-02-22,5785.51,5597.33,5785.51,5597.33,28212438200.0,5.43633153216e+11
2021-02-23,5542.68,5579.67,5644.76,5541.11,23380772700.0,4.24904470814e+11
2021-02-24,5591.48,5437.57,5598.83,5379.73,22542861000.0,4.72369211004e+11
2021-02-25,5494.47,5469.56,5527.63,5444.16,23073602800.0,4.12206157141e+11
2021-02-26,5343.9,5336.76,5416.32,5318.86,21226454300.0,4.05717700128e+11
2021-03-01,5389.25,5418.78,5421.56,5345.94,17746352300.0,3.58146545967e+11
2021-03-02,5453.28,5349.63,5454.97,5305.05,19651111500.0,3.76444604695e+11
2021-03-03,5327.35,5452.21,5452.4,5316.48,19470905400.0,3.37610313596e+11
2021-03-04,5388.48,5280.71,5392.37,5254.78,21277521100.0,3.84382456961e+11
2021-03-05,5191.97,5262.8,5307.82,5174.25,20262795600.0,3.52539774295e+11
2021-03-08,5299.79,5080.02,5326.26,5079.8,23023163500.0,4.07133802142e+11
2021-03-09,5066.15,4971.0,5094.31,4917.91,23071100400.0,4.14415213806e+11
2021-03-10,5047.06,5003.61,5055.28,4981.62,16992849000.0,3.09577408715e+11
2021-03-11,5024.56,5128.22,5138.41,5020.58,18960076600.0,3.33859199679e+11
2021-03-12,5153.67,5146.38,5153.67,5086.82,20102058900.0,3.23237751413e+11
2021-03-15,5116.12,5035.54,5120.88,4992.4,20415308400.0,3.30740513808e+11
2021-03-16,5054.41,5079.36,5084.31,5009.95,16139005400.0,2.71755048564e+11
2021-03-17,5062.77,5100.86,5123.55,5020.13,14916237600.0,2.63492417709e+11
2021-03-18,5114.59,5141.77,5160.46,5111.13,14290151800.0,2.60930046845e+11
2021-03-19,5068.53,5007.09,5089.92,4980.76,16417484900.0,2.82974489237e+11
2021-03-22,5008.4,5057.15,5071.34,4996.54,16740263200.0,2.64209098943e+11
2021-03-23,5057.06,5009.25,5064.02,4966.53,15801396700.0,2.5575537766e+11
2021-03-24,4985.4,4928.69,5024.33,4919.89,15938598200.0,2.65970020152e+11
2021-03-25,4904.07,4926.35,4950.76,4883.66,13294518900.0,2.19782049462e+11
2021-03-26,4953.95,5037.99,5050.83,4953.95,14592669700.0,2.73901922431e+11
2021-03-29,5052.26,5046.88,5086.65,5010.39,14338821500.0,2.6617659997e+11
2021-03-30,5043.1,5094.73,5106.04,5032.8,13861856000.0,2.54928014461e+11
2021-03-31,5085.95,5048.36,5085.95,5015.61,14133574300.0,2.41058485554e+11
2021-04-01,5059.94,5110.78,5115.43,5056.87,12032489000.0,2.11493324391e+11
2021-04-02,5129.85,5161.56,5169.83,5116.35,12700225400.0,2.48060376224e+11
2021-04-06,5178.64,5140.34,5181.15,5125.33,10983421000.0,2.13852444065e+11
2021-04-07,5141.66,5103.74,5141.66,5065.19,14576374800.0,2.46271190296e+11
2021-04-08,5078.26,5112.21,5129.13,5062.07,14177104700.0,2.28422004675e+11
2021-04-09,5100.04,5035.34,5100.04,5022.09,12841650900.0,2.21519791678e+11
2021-04-12,5026.98,4947.75,5045.6,4933.01,15264431400.0,2.67218195773e+11
2021-04-13,4949.81,4939.64,4994.54,4924.2,13291935800.0,2.25753230649e+11
2021-04-14,4945.69,4980.63,4987.12,4940.27,12086083800.0,2.2103627609e+11
2021-04-15,4969.91,4948.97,4969.91,4900.3,10882938400.0,2.13820884104e+11
2021-04-16,4966.9,4966.18,4979.17,4917.96,11123992400.0,2.13389173714e+11
2021-04-19,4966.41,5087.02,5088.21,4940.75,15476982400.0,3.07899776738e+11
2021-04-20,5065.78,5083.37,5119.86,5058.92,13654170000.0,2.76640588159e+11
2021-04-21,5055.24,5098.74,5110.56,5047.99,12463727700.0,2.42574995256e+11
2021-04-22,5114.28,5089.24,5119.22,5067.14,12116764500.0,2.41488845756e+11
2021-04-23,5088.83,5135.45,5149.98,5086.49,12205699100.0,2.64345183119e+11
2021-04-26,5156.59,5077.24,5181.11,5072.96,15138196700.0,3.25760384278e+11
2021-04-27,5076.64,5090.52,5095.98,5042.61,12396183700.0,2.54738009834e+11
2021-04-28,5073.97,5119.24,5119.45,5059.26,12062031800.0,2.72182521893e+11
2021-04-29,5128.28,5164.17,5170.59,5113.65,14009248000.0,2.94112454366e+11
2021-04-30,5156.36,5123.49,5163.25,5094.93,16012162100.0,3.15075102885e+11
2021-05-06,5098.8,5061.12,5132.9,5037.41,15882263000.0,3.23258264642e+11
2021-05-07,5073.46,4996.05,5093.75,4996.04,17225832100.0,3.04638402155e+11
2021-05-10,5001.44,4992.42,5019.39,4953.7,17082058500.0,2.82656808853e+11
2021-05-11,4956.08,5023.06,5033.49,4925.92,15152649700.0,2.70931616513e+11
2021-05-12,5003.82,5044.55,5051.17,4995.4,12661908600.0,2.28344006493e+11
2021-05-13,4992.35,4992.97,5022.08,4975.45,13227940600.0,2.37821404345e+11
2021-05-14,5007.63,5110.59,5112.98,4981.29,15942618000.0,3.18802786823e+11
2021-05-17,5115.31,5184.99,5206.69,5115.31,15388963400.0,3.35439913424e+11
2021-05-18,5190.93,5187.6,5201.67,5156.79,11840426100.0,2.38182265922e+11
2021-05-19,5173.17,5172.27,5193.56,5151.64,11872998300.0,2.50736278156e+11
2021-05-20,5167.05,5186.41,5201.59,5152.04,13845477500.0,2.77088462047e+11
2021-05-21,5199.13,5134.15,5216.16,5123.12,12476848500.0,2.68053627531e+11
2021-05-24,5138.81,5155.59,5155.59,5092.39,12674233600.0,2.78513133226e+11
2021-05-25,5165.04,5318.48,5324.36,5161.52,18299683900.0,4.04683305641e+11
2021-05-26,5326.12,5320.59,5344.28,5308.74,16960709600.0,3.46444644793e+11
2021-05-27,5311.37,5338.23,5378.48,5286.05,14846285500.0,3.11893705935e+11
2021-05-28,5338.73,5321.09,5360.28,5288.65,16460580600.0,3.30711896344e+11
2021-05-31,5318.08,5331.57,5331.63,5281.69,14460326900.0,3.21450798234e+11
2021-06-01,5320.47,5341.68,5343.75,5269.26,14383147400.0,3.21845842153e+11
2021-06-02,5348.34,5289.97,5352.64,5266.79,13775431900.0,2.96176177154e+11
2021-06-03,5285.71,5255.29,5314.37,5255.07,14196887800.0,2.85448632489e+11
2021-06-04,5228.28,5282.28,5334.49,5221.23,14473208700.0,2.92326048776e+11
2021-06-07,5284.89,5277.63,5286.84,5242.95,12770497100.0,2.80463260583e+11
2021-06-08,5276.97,5232.12,5319.04,5201.14,13055953200.0,3.04042218266e+11
2021-06-09,5224.95,5236.45,5253.36,5215.35,12182032100.0,2.55075448703e+11
2021-06-10,5236.47,5271.47,5299.53,5229.52,13899196700.0,3.0145433461e+11
2021-06-11,5275.75,5224.7,5276.1,5213.6,18080717300.0,3.65363494542e+11
2021-06-15,5218.56,5166.56,5225.5,5137.41,14288005800.0,3.30616618622e+11
2021-06-16,5163.25,5080.49,5164.52,5076.02,12514798500.0,2.98286772933e+11
2021-06-17,5074.38,5101.89,5123.37,5073.82,12045251800.0,2.81927280723e+11
2021-06-18,5104.93,5102.47,5128.03,5064.92,14858580500.0,3.56697096116e+11
2021-06-21,5088.09,5090.39,5123.78,5058.57,13218451600.0,3.31527114639e+11
2021-06-22,5106.07,5122.16,5125.82,5086.28,13041675300.0,3.13690367125e+11
2021-06-23,5127.19,5147.39,5171.03,5109.76,13635605800.0,3.5876566633e+11
2021-06-24,5156.56,5155.97,5160.43,5120.58,12668562500.0,3.12607422609e+11
2021-06-25,5159.8,5239.97,5251.61,5157.48,15493106100.0,3.68265641241e+11
2021-06-28,5253.61,5251.76,5260.64,5226.22,13319378300.0,3.37452771676e+11
2021-06-29,5248.52,5190.54,5248.52,5182.68,12516299700.0,3.14896843024e+11
2021-06-30,5189.38,5224.04,5231.43,5186.63,10375267100.0,2.8101550494e+11
2021-07-01,5241.2,5229.66,5252.26,5190.88,12724062000.0,3.24097400268e+11
2021-07-02,5186.66,5081.12,5186.66,5074.36,13042642400.0,3.42578961248e+11
2021-07-05,5073.78,5085.79,5098.23,5048.0,13121158900.0,3.3519778663e+11
2021-07-06,5089.78,5083.1,5092.21,5028.51,14065522000.0,3.62828901849e+11
2021-07-07,5052.42,5140.49,5152.77,5045.41,14854906000.0,3.36731403376e+11
2021-07-08,5149.31,5088.26,5151.22,5078.93,17390100800.0,3.9787986988e+11
2021-07-09,5063.15,5069.44,5081.41,5006.41,16065322600.0,3.52845583769e+11
2021-07-12,5108.38,5132.71,5159.41,5070.32,20621203900.0,4.37203145943e+11
2021-07-13,5128.61,5142.1,5154.05,5114.94,16648220900.0,3.61328491653e+11
2021-07-14,5130.75,5083.08,5130.75,5075.13,18835272000.0,3.72568110292e+11
2021-07-15,5073.26,5151.46,5153.81,5067.68,18107710300.0,3.72484081123e+11
2021-07-16,5140.9,5094.77,5140.9,5090.63,16995598200.0,3.62594258079e+11
2021-07-19,5083.73,5113.49,5120.82,5047.62,15319958900.0,3.40322623792e+11
2021-07-20,5080.22,5108.99,5114.0,5067.86,12930004400.0,2.83543130755e+11
2021-07-21,5122.78,5144.04,5160.54,5122.3,16797646900.0,3.90275519305e+11
2021-07-22,5150.39,5151.75,5171.21,5137.88,18555686400.0,4.18221654806e+11
2021-07-23,5145.43,5089.23,5145.43,5080.0,21653684700.0,4.35521169695e+11
2021-07-26,5067.31,4925.3,5067.31,4859.6,22811171000.0,4.95153655117e+11
2021-07-27,4924.28,4751.31,4940.86,4749.03,23663122500.0,5.21146117041e+11
2021-07-28,4714.29,4760.48,4785.66,4663.9,19263439300.0,4.19706155163e+11
2021-07-29,4845.76,4850.27,4857.97,4800.01,17332205400.0,4.15676120878e+11
2021-07-30,4825.7,4811.17,4825.7,4761.04,18234977600.0,4.20943935062e+11
2021-08-02,4794.82,4933.74,4938.82,4761.46,22719491800.0,5.24659449296e+11
2021-08-03,4909.23,4934.46,4957.03,4890.85,20353336000.0,4.71194128402e+11
2021-08-04,4927.74,4978.85,4979.29,4919.66,17546646100.0,4.25801406612e+11
2021-08-05,4946.17,4948.67,4997.14,4921.94,16738182900.0,3.98772206808e+11
2021-08-06,4943.04,4921.56,4944.35,4891.8,15417968800.0,3.71773603785e+11
2021-08-09,4890.26,4985.56,5002.89,4884.04,18243687100.0,4.08897062935e+11
2021-08-10,4977.82,5043.15,5043.76,4941.24,16705190200.0,4.1009875561e+11
2021-08-11,5037.08,5015.34,5059.79,5009.98,18226607400.0,3.73386347207e+11
2021-08-12,4998.07,4973.35,5016.26,4962.98,16822373300.0,3.61828381964e+11
2021-08-13,4958.76,4945.98,4993.74,4921.28,15831432100.0,3.52459069036e+11
2021-08-16,4935.92,4941.07,4973.38,4931.37,16195337300.0,3.40735120175e+11
2021-08-17,4935.0,4837.4,4967.56,4823.39,18757347200.0,3.88457131504e+11
2021-08-18,4838.47,4894.24,4909.54,4818.9,19747437800.0,3.9579216576e+11
2021-08-19,4886.56,4862.14,4893.47,4839.57,20171171900.0,3.97424964846e+11
2021-08-20,4817.49,4769.27,4835.15,4720.83,17763581000.0,4.04938035667e+11
2021-08-23,4777.73,4835.88,4843.82,4764.01,16757909300.0,3.89599126282e+11
2021-08-24,4844.59,4888.39,4906.2,4842.75,19788316300.0,4.17481426158e+11
2021-08-25,4890.52,4898.16,4899.77,4865.76,18944801600.0,3.71868197459e+11
2021-08-26,4892.2,4801.61,4892.2,4798.7,19761738700.0,3.68987718506e+11
2021-08-27,4794.97,4827.04,4863.47,4793.59,18331021100.0,3.68421410281e+11
2021-08-30,4847.03,4813.27,4849.16,4787.2,21963575700.0,4.7718207172e+11
2021-08-31,4803.09,4805.61,4821.76,4740.75,23511865800.0,4.60805653996e+11
2021-09-01,4804.69,4869.46,4906.4,4763.3,32672108000.0,5.68819748406e+11
2021-09-02,4865.82,4869.41,4892.7,4845.62,26785801300.0,4.65954132797e+11
2021-09-03,4875.07,4843.06,4886.55,4828.7,26809189600.0,4.664301197e+11
2021-09-06,4841.06,4933.73,4944.45,4837.79,24050724500.0,4.52756275292e+11
2021-09-07,4932.98,4992.83,5005.96,4915.61,24417851900.0,4.17759639121e+11
2021-09-08,4986.8,4972.13,5013.98,4955.89,26461531500.0,4.28591077708e+11
2021-09-09,4952.49,4970.01,4970.15,4929.95,25653021700.0,4.01675689276e+11
2021-09-10,4967.98,5013.52,5042.8,4962.37,28830435200.0,4.72762533239e+11
2021-09-13,5006.77,4991.66,5029.72,4964.96,24991529800.0,4.33329627421e+11
2021-09-14,4989.83,4917.16,5000.98,4907.32,24559040200.0,4.17245830782e+11
2021-09-15,4903.85,4867.32,4903.85,4843.12,18798473000.0,3.63256653878e+11
2021-09-16,4866.79,4807.7,4879.53,4806.14,21675209900.0,3.93517267166e+11
2021-09-17,4797.11,4855.94,4857.96,4786.09,20195812700.0,3.60397420087e+11
2021-09-22,4770.73,4821.77,4830.85,4765.23,19122037600.0,3.11952989432e+11
2021-09-23,4848.22,4853.2,4877.34,4837.56,22815106400.0,3.62140919563e+11
2021-09-24,4845.64,4849.43,4897.06,4838.54,20769329000.0,3.61849453197e+11
2021-09-27,4870.85,4877.37,4922.56,4852.2,21596703000.0,4.26083025418e+11
2021-09-28,4869.08,4883.83,4901.31,4846.63,17689088000.0,3.21272191534e+11
2021-09-29,4846.02,4833.93,4868.07,4799.88,18817136600.0,3.31841767749e+11
2021-09-30,4843.95,4866.38,4876.07,4843.95,14611389600.0,2.83254685232e+11
2021-10-08,4915.73,4929.94,4937.09,4891.62,16896807700.0,3.43635835306e+11
2021-10-11,4941.29,4936.19,4983.73,4930.71,16351162400.0,3.15186321382e+11
2021-10-12,4920.66,4883.84,4925.49,4840.77,16807933700.0,2.99424238601e+11
2021-10-13,4880.14,4940.11,4953.37,4869.83,13114281300.0,2.80044666628e+11
2021-10-14,4934.26,4913.61,4953.92,4903.25,11955701300.0,2.491516666e+11
2021-10-15,4896.56,4932.11,4939.82,4881.01,14282200100.0,3.007284912e+11
2021-10-18,4922.51,4874.78,4922.51,4844.94,14124519900.0,3.025394444e+11
2021-10-19,4869.39,4922.72,4928.14,4868.81,13526649300.0,2.829282438e+11
2021-10-20,4926.77,4910.18,4944.02,4898.37,14153318300.0,2.797477325e+11
2021-10-21,4914.74,4928.02,4946.18,4893.85,14889815400.0,2.74802962495e+11
2021-10-22,4934.87,4959.73,4989.89,4934.87,14392622800.0,2.892526122e+11
2021-10-25,4940.9,4979.52,4981.65,4930.11,14186149000.0,2.99408232158e+11
2021-10-26,4983.24,4963.1,5002.57,4953.48,14088894300.0,3.0178622974e+11
2021-10-27,4949.23,4898.16,4949.23,4884.94,14711159300.0,2.99460469415e+11
2021-10-28,4882.59,4864.14,4898.66,4846.28,15664947200.0,3.16631709566e+11
2021-10-29,4861.27,4908.77,4908.77,4855.76,15988735300.0,3.6873198731e+11
2021-11-01,4878.13,4890.69,4908.21,4858.25,17158397400.0,3.79730767559e+11
2021-11-02,4886.18,4839.85,4911.23,4797.9,18543768800.0,3.85731879818e+11
2021-11-03,4835.81,4821.11,4858.71,4804.37,14276382000.0,3.02269934656e+11
2021-11-04,4841.09,4868.74,4873.94,4834.74,13259297000.0,3.08688054574e+11
2021-11-05,4858.9,4842.35,4889.68,4841.74,14778935900.0,3.12070841453e+11
2021-11-08,4841.15,4848.18,4866.08,4827.69,13739826400.0,2.95893824e+11
2021-11-09,4858.25,4846.74,4870.79,4818.54,11837552600.0,2.61645065376e+11
2021-11-10,4832.8,4821.19,4832.8,4754.0,13511817900.0,3.0105896627e+11
2021-11-11,4814.77,4898.65,4898.65,4809.11,16048486300.0,3.23624626069e+11
2021-11-12,4902.93,4888.37,4909.08,4875.35,13266296900.0,2.71773244503e+11
2021-11-15,4894.41,4882.38,4906.33,4863.4,12182314900.0,2.7299774891e+11
2021-11-16,4880.9,4883.32,4915.37,4876.5,12725440600.0,2.84094590893e+11
2021-11-17,4883.25,4885.75,4891.52,4864.52,10845922300.0,2.46177916949e+11
2021-11-18,4871.42,4837.62,4871.42,4830.41,11448056500.0,2.44484713797e+11
2021-11-19,4832.06,4890.06,4892.81,4829.57,12719831200.0,2.66280681864e+11
2021-11-22,4895.39,4912.4,4919.0,4893.27,13809283600.0,3.1614881148e+11
2021-11-23,4905.76,4913.35,4927.52,4896.88,15430441100.0,3.01022146081e+11
2021-11-24,4914.03,4916.66,4935.49,4899.61,13715067300.0,2.89707337709e+11
2021-11-25,4917.61,4896.44,4921.33,4891.73,11598403100.0,2.55450994352e+11
2021-11-26,4886.95,4860.13,4886.95,4850.81,12036897400.0,2.43041335647e+11
2021-11-29,4820.01,4851.42,4858.53,4818.71,13362686200.0,2.85995221657e+11
2021-11-30,4857.18,4832.03,4871.25,4810.22,12963059600.0,2.79268234018e+11
2021-12-01,4831.89,4843.85,4844.52,4823.93,12308678900.0,2.55968912362e+11
2021-12-02,4839.91,4856.16,4866.85,4830.32,14808852100.0,2.78051726156e+11
2021-12-03,4856.98,4901.02,4901.02,4853.35,14405962600.0,3.00052698342e+11
2021-12-06,4909.43,4892.62,4943.9,4888.69,17361568300.0,3.33405791015e+11
2021-12-07,4930.83,4922.1,4934.1,4895.22,17905346000.0,3.40617766238e+11
2021-12-08,4934.41,4995.93,4995.93,4915.79,15749055900.0,3.29064831239e+11
2021-12-09,5000.69,5078.69,5114.5,4999.41,22056877600.0,4.25680958779e+11
2021-12-10,5046.27,5055.12,5060.06,5035.81,19369515400.0,3.5691762538e+11
2021-12-13,5090.02,5083.8,5143.84,5079.73,21180159600.0,4.26376532477e+11
2021-12-14,5066.35,5049.7,5075.21,5038.86,15910779000.0,3.18685538074e+11
2021-12-15,5036.28,5005.9,5060.37,5003.78,15052975200.0,2.91072568761e+11
2021-12-16,5006.61,5034.73,5034.73,4987.22,14405386700.0,2.91474766866e+11
2021-12-17,5021.34,4954.76,5022.11,4954.76,14900539900.0,2.97943311187e+11
2021-12-20,4934.97,4880.42,4971.67,4872.68,16967569000.0,3.1753691939e+11
2021-12-21,4876.51,4913.49,4917.8,4872.95,14333989800.0,2.59023177323e+11
2021-12-22,4924.58,4914.45,4936.67,4903.17,13325674000.0,2.44642450514e+11
2021-12-23,4924.29,4948.74,4948.74,4906.75,13955540600.0,2.63359754801e+11
2021-12-24,4953.06,4921.34,4964.91,4905.98,14267332300.0,2.90483663506e+11
2021-12-27,4918.15,4919.32,4939.69,4894.16,12410095200.0,2.54421525173e+11
2021-12-28,4923.69,4955.96,4959.14,4913.6,13045775700.0,2.76316732181e+11
2021-12-29,4958.65,4883.48,4958.65,4883.48,11358700200.0,2.73225467112e+11
2021-12-30,4882.16,4921.51,4940.18,4878.65,12161717800.0,2.68022477312e+11
2021-12-31,4937.46,4940.37,4950.36,4923.14,12131373700.0,2.66975388723e+11
2022-01-04,4957.98,4917.77,4961.45,4874.53,15153477600.0,3.36516961627e+11
2022-01-05,4907.93,4868.12,4916.28,4851.98,17881610000.0,3.63944528848e+11
2022-01-06,4842.16,4818.23,4857.56,4786.43,15766582600.0,3.21750076549e+11
2022-01-07,4824.32,4822.37,4856.65,4818.19,18713941300.0,3.32218950734e+11
2022-01-10,4812.23,4844.05,4844.39,4780.82,15621169600.0,3.050338168e+11
2022-01-11,4840.01,4797.77,4850.88,4791.89,14692800400.0,2.86445756e+11
2022-01-12,4818.89,4845.58,4852.73,4810.92,14320020400.0,2.931530428e+11
2022-01-13,4853.03,4765.92,4853.06,4765.24,14251965300.0,2.88799117e+11
2022-01-14,4743.91,4726.73,4764.05,4723.94,14686312600.0,2.818284485e+11
2022-01-17,4728.76,4767.28,4775.24,4726.71,11529569100.0,2.637882417e+11
2022-01-18,4766.78,4813.35,4826.3,4747.92,15087080200.0,2.827493931e+11
2022-01-19,4815.81,4780.38,4828.75,4755.93,13392736000.0,2.755345575e+11
2022-01-20,4778.26,4823.51,4845.0,4777.57,16497131500.0,3.04344268e+11
2022-01-21,4808.77,4779.31,4818.31,4762.56,13895258500.0,2.746991553e+11
2022-01-24,4753.94,4786.74,4801.1,4746.45,11446388000.0,2.462615949e+11
2022-01-25,4761.95,4678.45,4781.39,4678.25,13366758600.0,2.505557692e+11
2022-01-26,4697.1,4712.31,4718.99,4648.13,10707084200.0,2.265534484e+11
2022-01-27,4708.1,4619.88,4708.44,4616.03,12126380400.0,2.505356548e+11
2022-01-28,4641.81,4563.77,4660.52,4559.83,12648011200.0,2.639678918e+11
2022-02-07,4638.58,4634.09,4672.65,4615.01,14484972000.0,2.66031794e+11
2022-02-08,4626.44,4608.77,4626.44,4522.47,15583070800.0,2.813648738e+11
2022-02-09,4608.15,4652.06,4659.46,4595.28,14833554700.0,2.737719605e+11
2022-02-10,4657.21,4639.86,4657.21,4608.09,15157666600.0,2.872243881e+11
2022-02-11,4617.87,4601.4,4662.6,4595.88,15597458400.0,3.079380167e+11
2022-02-14,4579.42,4551.69,4593.63,4530.06,14367389400.0,2.757375535e+11
2022-02-15,4553.81,4600.1,4601.45,4550.54,11502560000.0,2.499770087e+11
2022-02-16,4619.85,4617.99,4643.1,4607.22,10725895500.0,2.10190931e+11
2022-02-17,4616.9,4629.16,4650.16,4606.95,11001464300.0,2.279462493e+11
2022-02-18,4604.57,4651.24,4651.34,4598.1,10455022800.0,1.958257005e+11
2022-02-21,4646.05,4634.31,4646.67,4613.3,11251651200.0,2.150391823e+11
2022-02-22,4601.92,4574.15,4602.07,4550.8,12331723700.0,2.468729607e+11
2022-02-23,4582.01,4623.05,4625.3,4579.29,12295291600.0,2.590501462e+11
2022-02-24,4592.07,4529.32,4610.88,4488.48,18440305800.0,3.423466669e+11
2022-02-25,4564.63,4573.42,4611.86,4561.9,14972258300.0,2.717275997e+11
2022-02-28,4563.74,4581.65,4581.65,4530.68,13540697800.0,2.483637275e+11
2022-03-01,4597.85,4619.69,4623.43,4583.92,12313922000.0,2.604311851e+11
2022-03-02,4594.02,4578.6,4594.02,4558.44,11329832500.0,2.152996554e+11
2022-03-03,4595.02,4551.63,4599.4,4544.43,13828587700.0,2.42701772e+11
2022-03-04,4513.36,4496.43,4539.39,4481.49,12726680600.0,2.499702823e+11
2022-03-07,4462.52,4352.78,4462.52,4338.3,16219770600.0,3.068985277e+11
2022-03-08,4361.64,4265.39,4383.65,4252.54,16786327700.0,3.151766984e+11
2022-03-09,4280.98,4226.35,4304.48,4068.19,19423290000.0,3.410093919e+11
2022-03-10,4326.2,4292.84,4335.67,4288.51,14526638300.0,3.016361822e+11
2022-03-11,4231.2,4306.52,4316.04,4176.45,15239992100.0,2.950088324e+11
2022-03-14,4248.15,4174.76,4280.36,4174.76,13018723600.0,2.606916595e+11
2022-03-15,4125.49,3983.81,4163.42,3983.81,20252469900.0,3.469889474e+11
2022-03-16,4053.1,4156.08,4168.59,3942.86,19602198200.0,3.788835883e+11
2022-03-17,4237.67,4237.7,4302.74,4217.8,17940734400.0,3.850391973e+11
2022-03-18,4218.47,4265.9,4283.37,4194.94,14945830500.0,2.757912911e+11
2022-03-21,4280.14,4258.75,4287.82,4223.02,12703636000.0,2.512145433e+11
2022-03-22,4252.57,4255.3,4283.33,4236.69,12638247000.0,2.26213534e+11
2022-03-23,4269.61,4276.52,4287.58,4241.96,11708907800.0,2.263907784e+11
2022-03-24,4249.53,4251.31,4273.96,4216.85,10891827200.0,2.195944305e+11
2022-03-25,4249.07,4174.57,4254.84,4173.93,10880804600.0,2.170131873e+11
2022-03-28,4128.84,4148.47,4174.12,4091.3,11844902100.0,2.13468974e+11
2022-03-29,4155.42,4134.14,4177.21,4124.72,10026697200.0,1.994638537e+11
2022-03-30,4162.17,4254.1,4254.1,4160.74,13834602400.0,2.688691812e+11
2022-03-31,4234.72,4222.6,4247.36,4214.54,13402918500.0,2.388772168e+11
2022-04-01,4198.82,4276.16,4290.67,4190.08,13380305300.0,2.447588708e+11
2022-04-06,4258.83,4263.84,4277.52,4236.73,15906219500.0,2.536909299e+11
2022-04-07,4240.02,4209.1,4278.11,4205.74,13488035300.0,2.169961855e+11
2022-04-08,4213.21,4230.77,4237.81,4175.53,14284379300.0,2.290817648e+11
2022-04-11,4203.79,4100.07,4203.79,4089.09,14819707100.0,2.652249325e+11
2022-04-12,4102.97,4179.97,4179.97,4075.8,14428568400.0,2.528304128e+11
2022-04-13,4154.41,4139.74,4194.04,4139.74,12509748900.0,2.212810296e+11
2022-04-14,4172.64,4191.57,4217.06,4155.55,12479131600.0,2.45993822e+11
2022-04-15,4162.37,4188.75,4211.32,4152.97,12476226300.0,2.262297403e+11
2022-04-18,4152.93,4166.38,4171.74,4119.99,11750461000.0,2.128553282e+11
2022-04-19,4161.93,4134.9,4186.94,4115.42,11021747100.0,2.085705791e+11
2022-04-20,4130.54,4070.79,4136.17,4060.5,11733165800.0,2.165366357e+11
2022-04-21,4048.73,3995.83,4086.44,3978.37,13278382800.0,2.270266797e+11
2022-04-22,3967.2,4013.25,4037.08,3953.72,12210181100.0,2.063717667e+11
2022-04-25,3933.45,3814.91,3958.21,3814.91,16836450200.0,2.728892723e+11
2022-04-26,3822.49,3784.12,3871.85,3773.9,15757761100.0,2.596263542e+11
2022-04-27,3758.08,3895.54,3895.73,3757.09,17273404600.0,2.969241029e+11
2022-04-28,3883.42,3921.11,3943.43,3873.58,15305658600.0,2.685022425e+11
2022-04-29,3939.62,4016.24,4017.43,3898.57,17945837700.0,3.214148774e+11
2022-05-05,3995.35,4010.21,4039.7,3988.93,15417071600.0,2.905382307e+11
2022-05-06,3928.85,3908.82,3947.24,3902.05,12300555100.0,2.14825174e+11
2022-05-09,3883.95,3877.44,3914.11,3854.94,9293669400.0,1.717565029e+11
2022-05-10,3820.63,3919.87,3932.68,3808.57,13641691800.0,2.390602119e+11
2022-05-11,3917.93,3976.42,4033.3,3916.52,16563225600.0,3.092949128e+11
2022-05-12,3949.95,3958.74,3985.93,3935.59,11337606600.0,2.020291564e+11
2022-05-13,3983.82,3988.6,4003.85,3957.14,10996835700.0,1.957270449e+11
2022-05-16,4015.0,3956.54,4018.03,3947.75,11242529400.0,1.997179095e+11
2022-05-17,3961.76,4005.89,4005.89,3955.1,10966145400.0,2.101175397e+11
2022-05-18,4015.01,3991.91,4017.34,3964.75,10807423300.0,2.018006661e+11
2022-05-19,3938.3,3999.6,3999.6,3933.75,11629342000.0,2.102066816e+11
2022-05-20,4020.82,4077.6,4077.6,4020.82,14706917300.0,2.656090899e+11
2022-05-23,4080.97,4053.98,4080.97,4029.08,13047781000.0,2.259815409e+11
2022-05-24,4052.87,3959.15,4055.78,3959.15,14555433600.0,2.477130397e+11
2022-05-25,3959.77,3983.18,3983.62,3946.81,10773401500.0,1.887005374e+11
2022-05-26,3987.68,3993.04,4015.75,3938.24,12626368900.0,2.169870254e+11
2022-05-27,4022.71,4001.3,4051.14,3983.38,11276933700.0,2.069444262e+11
2022-05-30,4020.86,4029.02,4040.82,4003.38,11115224100.0,2.111447216e+11
2022-05-31,4031.76,4091.52,4096.2,4020.38,13541551300.0,2.677700887e+11
2022-06-01,4086.62,4083.18,4094.9,4058.85,11485087900.0,2.254162379e+11
2022-06-02,4064.0,4089.57,4091.15,4057.91,11389363800.0,2.226575379e+11
2022-06-06,4090.53,4166.09,4166.62,4063.91,16787101100.0,3.240756269e+11
2022-06-07,4165.69,4179.13,4198.09,4155.17,14299288100.0,2.857337223e+11
2022-06-08,4187.15,4219.81,4224.81,4158.03,15737405700.0,3.194802528e+11
2022-06-09,4211.72,4175.67,4227.45,4160.88,16844915400.0,2.851728042e+11
2022-06-10,4145.65,4238.99,4241.35,4140.22,18479621400.0,3.240914407e+11
2022-06-13,4194.46,4189.35,4218.23,4156.71,16847562200.0,3.365856705e+11
2022-06-14,4143.22,4222.31,4224.09,4102.93,17138590400.0,3.354185579e+11
2022-06-15,4228.29,4278.22,4348.42,4228.29,25704659000.0,4.597668207e+11
2022-06-16,4282.08,4250.06,4302.92,4241.08,18407441600.0,3.372359115e+11
2022-06-17,4219.23,4309.04,4318.77,4218.68,15864909800.0,3.466757268e+11
2022-06-20,4322.83,4330.43,4368.36,4297.89,16566638200.0,3.595692969e+11
2022-06-21,4327.92,4325.57,4357.34,4287.14,16466761500.0,3.171633177e+11
2022-06-22,4331.9,4270.62,4333.18,4269.25,15856585400.0,2.986562633e+11
2022-06-23,4277.96,4343.88,4343.88,4260.9,17088236000.0,3.271447805e+11
2022-06-24,4354.55,4394.77,4400.69,4346.12,16897219900.0,3.560547505e+11
2022-06-27,4414.33,4444.26,4472.69,4414.33,17738567600.0,3.814329663e+11
2022-06-28,4442.58,4490.52,4497.89,4407.35,17475648900.0,3.616859707e+11
2022-06-29,4472.73,4421.36,4503.13,4414.0,18727668800.0,3.959261077e+11
2022-06-30,4418.07,4485.01,4515.0,4418.07,15666628900.0,3.543438868e+11
2022-07-01,4489.52,4466.72,4500.99,4449.29,14477959900.0,3.184921302e+11
2022-07-04,4447.22,4496.03,4496.03,4427.82,14634565100.0,3.569685213e+11
2022-07-05,4505.46,4489.54,4530.32,4439.45,15496241500.0,3.618918508e+11
2022-07-06,4475.48,4423.97,4484.36,4393.42,14980023500.0,3.446727077e+11
2022-07-07,4425.28,4443.47,4457.34,4391.19,13266090600.0,3.281331337e+11
2022-07-08,4468.06,4428.78,4479.49,4426.89,12319573900.0,3.040311073e+11
2022-07-11,4406.15,4354.62,4406.15,4330.58,13444857800.0,2.991952334e+11
2022-07-12,4352.65,4313.62,4370.34,4296.62,13018783800.0,2.910723119e+11
2022-07-13,4313.36,4321.46,4341.47,4284.94,13111317900.0,2.860755454e+11
2022-07-14,4308.82,4322.07,4352.1,4292.76,14525092600.0,3.01569861e+11
2022-07-15,4299.47,4248.53,4344.86,4248.53,15021445300.0,3.167931927e+11
2022-07-18,4262.15,4292.59,4300.78,4217.51,12260119200.0,2.810551286e+11
2022-07-19,4288.44,4269.34,4288.44,4238.82,10380573000.0,2.311177318e+11
2022-07-20,4291.28,4283.8,4303.37,4269.97,9449014400.0,2.123018814e+11
2022-07-21,4270.36,4236.06,4283.15,4236.05,11715634400.0,2.392281468e+11
2022-07-22,4251.79,4238.23,4275.47,4207.31,10384062400.0,2.242953335e+11
2022-07-25,4233.93,4212.64,4234.84,4201.92,8363666400.0,1.881364267e+11
2022-07-26,4220.09,4245.98,4259.99,4214.53,8582327400.0,1.976014064e+11
2022-07-27,4236.15,4225.04,4242.1,4217.28,7890494000.0,1.942453038e+11
2022-07-28,4242.27,4225.67,4267.92,4223.03,10753193000.0,2.438714865e+11
2022-07-29,4226.42,4170.1,4243.51,4160.87,11417928600.0,2.531985746e+11
2022-08-01,4160.65,4188.68,4196.57,4129.45,10774902900.0,2.511253086e+11
2022-08-02,4144.38,4107.02,4144.38,4071.43,14222442500.0,2.810135553e+11
2022-08-03,4114.83,4066.98,4150.98,4058.18,11666612400.0,2.686958348e+11
2022-08-04,4089.44,4101.54,4108.16,4064.66,8953264400.0,2.168986749e+11
2022-08-05,4109.63,4156.91,4159.48,4097.86,10257100400.0,2.47325902e+11
2022-08-08,4142.11,4148.07,4155.73,4135.08,9020813800.0,2.240808121e+11
2022-08-09,4143.67,4156.29,4161.81,4131.43,8413695900.0,2.142236923e+11
2022-08-10,4149.21,4109.74,4160.79,4092.55,8556583900.0,2.174473685e+11
2022-08-11,4130.74,4193.54,4193.81,4116.06,12138505100.0,2.696309984e+11
2022-08-12,4185.42,4191.15,4202.47,4175.05,10680829500.0,2.192080553e+11
2022-08-15,4180.0,4185.68,4219.92,4174.3,10589849500.0,2.45539801e+11
2022-08-16,4190.53,4177.84,4208.8,4170.52,9390613900.0,2.338185847e+11
2022-08-17,4182.57,4216.96,4222.79,4155.17,11286465900.0,2.520443251e+11
2022-08-18,4205.79,4180.1,4211.91,4173.54,10105265000.0,2.331154914e+11
2022-08-19,4174.55,4151.07,4185.66,4151.07,11740297800.0,2.624941282e+11
2022-08-22,4135.16,4181.4,4183.65,4134.2,11244272000.0,2.597471637e+11
2022-08-23,4175.53,4161.08,4187.39,4147.41,10315351200.0,2.391013308e+11
2022-08-24,4168.58,4082.42,4174.16,4079.09,11906967900.0,2.628443093e+11
2022-08-25,4093.29,4116.24,4119.62,4058.75,11132074500.0,2.421495815e+11
2022-08-26,4127.81,4107.55,4139.79,4102.68,9900049300.0,2.255191968e+11
2022-08-29,4063.88,4089.52,4092.95,4059.6,9435443200.0,2.030861147e+11
2022-08-30,4088.53,4075.79,4093.14,4048.52,9330166200.0,1.926490013e+11
2022-08-31,4057.14,4078.84,4112.85,4046.62,13244976500.0,2.929746655e+11
2022-09-01,4066.19,4043.74,4090.89,4041.13,9738707100.0,2.108985035e+11
2022-09-02,4054.84,4023.61,4056.18,4004.91,8678927800.0,1.84468327e+11
2022-09-05,4010.41,4015.43,4017.0,3982.74,9376710900.0,2.011186966e+11
2022-09-06,4024.47,4052.28,4054.0,4009.58,11350626500.0,2.359218381e+11
2022-09-07,4032.72,4054.98,4067.54,4028.37,10767805900.0,2.151471522e+11
2022-09-08,4059.17,4037.68,4067.76,4036.02,10088604900.0,1.86889048e+11
2022-09-09,4050.59,4093.79,4099.01,4042.25,11842711400.0,2.214425472e+11
2022-09-13,4112.01,4111.11,4128.11,4097.14,11178973700.0,2.185210621e+11
2022-09-14,4058.04,4065.36,4089.06,4047.92,9079368100.0,1.854849651e+11
2022-09-15,4078.65,4027.12,4088.81,3998.86,12395119600.0,2.543674928e+11
2022-09-16,4013.58,3932.68,4019.41,3932.68,13719365500.0,2.412518401e+11
2022-09-19,3928.42,3928.0,3953.65,3910.31,9771957500.0,1.835744406e+11
2022-09-20,3945.65,3932.84,3957.55,3921.69,8482413400.0,1.792481535e+11
2022-09-21,3921.32,3903.73,3924.39,3884.23,8645839100.0,1.689390743e+11
2022-09-22,3875.18,3869.34,3900.27,3860.23,8094691900.0,1.611341028e+11
2022-09-23,3865.1,3856.02,3888.4,3829.69,9434246200.0,1.729048074e+11
2022-09-26,3829.6,3836.68,3893.32,3827.95,10452603100.0,1.929062003e+11
2022-09-27,3844.07,3892.3,3893.03,3827.93,8886016000.0,1.859552474e+11
2022-09-28,3879.44,3828.71,3879.44,3828.05,8659221300.0,1.724380428e+11
2022-09-29,3864.32,3827.14,3873.18,3808.65,8565414200.0,1.7163594e+11
2022-09-30,3833.35,3804.89,3848.6,3801.28,7855996600.0,1.586927488e+11
2022-10-10,3806.56,3720.94,3807.46,3715.71,10264759500.0,1.946359041e+11
2022-10-11,3732.02,3727.69,3739.81,3706.06,8394462500.0,1.668003949e+11
2022-10-12,3722.87,3784.31,3784.31,3661.53,10808931900.0,2.109313623e+11
2022-10-13,3756.42,3752.67,3783.6,3749.64,9901891500.0,1.983688915e+11
2022-10-14,3783.32,3842.47,3863.23,3780.84,11624229300.0,2.56551272e+11
2022-10-17,3822.24,3846.41,3849.62,3809.12,10419201900.0,2.204888744e+11
2022-10-18,3865.83,3838.27,3870.22,3831.17,8834690700.0,1.865562958e+11
2022-10-19,3827.47,3776.53,3840.49,3776.53,8157484400.0,1.867364082e+11
2022-10-20,3746.58,3754.93,3804.25,3726.79,9029089500.0,2.037816189e+11
2022-10-21,3753.89,3742.89,3768.69,3724.69,9875003800.0,1.806863577e+11
2022-10-24,3727.92,3633.37,3762.16,3619.99,13005686400.0,2.594507431e+11
2022-10-25,3621.94,3627.45,3670.73,3594.7,11095388200.0,2.193027596e+11
2022-10-26,3633.31,3656.9,3700.88,3633.31,12130154800.0,2.424538106e+11
2022-10-27,3667.66,3631.14,3685.08,3631.06,11799867500.0,2.574733157e+11
2022-10-28,3605.16,3541.33,3618.86,3533.5,11877216200.0,2.45816452e+11
2022-10-31,3504.51,3508.7,3553.39,3495.95,13846565500.0,2.565748221e+11
2022-11-01,3519.82,3634.17,3634.17,3517.62,14928669800.0,2.950899284e+11
2022-11-02,3620.37,3677.81,3703.47,3610.8,14159291900.0,2.916482457e+11
2022-11-03,3645.06,3647.9,3670.16,3628.5,11056603500.0,2.15379298e+11
2022-11-04,3646.77,3767.17,3782.88,3646.77,14973494900.0,3.111454776e+11
2022-11-07,3754.52,3775.3,3792.79,3746.37,12982637100.0,2.511956999e+11
2022-11-08,3773.66,3749.33,3779.12,3723.34,9901645100.0,1.933513249e+11
2022-11-09,3750.78,3714.27,3760.41,3711.27,8943452500.0,1.720295299e+11
2022-11-10,3685.83,3685.69,3701.53,3665.06,10350930200.0,1.831553087e+11
2022-11-11,3787.76,3788.44,3828.9,3747.09,18968558600.0,3.444713263e+11
2022-11-14,3818.14,3794.02,3848.41,3781.78,16966504800.0,3.155368561e+11
2022-11-15,3788.93,3865.97,3871.64,3775.5,15151565000.0,2.962681428e+11
2022-11-16,3860.81,3834.39,3877.68,3829.31,12061096400.0,2.358445882e+11
2022-11-17,3821.27,3818.66,3821.74,3776.57,10594063200.0,2.195408113e+11
2022-11-18,3823.82,3801.57,3840.3,3801.57,11507877700.0,2.24276131e+11
2022-11-21,3769.63,3769.13,3769.87,3734.0,9586696600.0,1.882303737e+11
2022-11-22,3766.08,3769.57,3809.86,3751.04,14448633400.0,2.034908284e+11
2022-11-23,3760.22,3773.53,3791.18,3753.21,14452791100.0,2.010706012e+11
2022-11-24,3791.54,3756.81,3804.9,3751.38,10107344700.0,1.606989215e+11
2022-11-25,3751.28,3775.78,3790.57,3743.41,14292971100.0,1.917110407e+11
2022-11-28,3701.9,3733.24,3736.08,3672.13,12782574800.0,1.963055617e+11
2022-11-29,3766.57,3848.42,3854.77,3766.57,17870139200.0,2.890623364e+11
2022-11-30,3836.56,3853.04,3867.66,3833.83,15751140000.0,2.500514681e+11
2022-12-01,3921.3,3894.77,3944.56,3893.87,16996458500.0,3.066781957e+11
2022-12-02,3886.4,3870.95,3898.11,3865.88,11678635000.0,2.012531664e+11
2022-12-05,3907.64,3946.88,3947.48,3900.67,20174722100.0,2.966155123e+11
2022-12-06,3929.01,3968.2,3988.9,3923.0,15510832300.0,2.755834308e+11
2022-12-07,3956.67,3958.44,3999.59,3944.18,14300135600.0,2.55490829e+11
2022-12-08,3953.2,3959.18,3971.49,3941.3,11519998600.0,1.980376905e+11
2022-12-09,3961.99,3998.24,4003.32,3944.44,15377495400.0,2.681667897e+11
2022-12-12,3976.17,3953.44,3983.43,3950.32,12593536800.0,2.276063009e+11
2022-12-13,3953.55,3945.68,3964.4,3939.98,10099410000.0,1.840207001e+11
2022-12-14,3952.79,3954.89,3972.74,3935.77,9852800600.0,1.961751086e+11
2022-12-15,3954.67,3951.99,3963.5,3926.5,8886472500.0,1.819948891e+11
2022-12-16,3931.23,3954.23,3960.47,3929.49,9317856700.0,1.674884426e+11
2022-12-19,3952.77,3893.22,3966.57,3878.44,10691907500.0,1.808013877e+11
2022-12-20,3881.23,3829.02,3881.27,3811.48,8309682200.0,1.640464409e+11
2022-12-21,3839.0,3830.54,3853.73,3821.4,6483921500.0,1.234500404e+11
2022-12-22,3859.2,3836.03,3882.13,3821.34,8370517300.0,1.63970307e+11
2022-12-23,3811.62,3828.22,3848.34,3805.95,6527814800.0,1.305594156e+11
2022-12-26,3830.57,3843.49,3856.81,3827.52,7300571200.0,1.486928324e+11
2022-12-27,3860.91,3887.85,3891.85,3856.58,7751535000.0,1.520322066e+11
2022-12-28,3874.91,3871.26,3884.72,3854.94,8442465600.0,1.60671122e+11
2022-12-29,3854.24,3856.7,3868.29,3838.48,7939481500.0,1.490113724e+11
2022-12-30,3873.94,3871.63,3887.55,3868.76,7877327200.0,1.482950494e+11
