date,prev_settlement,low,high,prev_close,limit_up,open,total_turnover,limit_down,close,open_interest,settlement,volume,dominant_id
2020-1-2,91.245,91.03,91.215,98.135,93.205,91.18,34390924200,89.285,91.105,76631,91.08,35081,T2003
2020-1-3,91.08,90.95,91.165,98.015,93.035,91.1,33623278450,89.125,91.065,76547,91.095,34318,T2003
2020-1-6,91.095,91.085,91.365,97.975,93.055,91.145,33486547650,89.135,91.27,76922,91.31,34127,T2003
2020-1-7,91.31,91.08,91.24,98.18,93.27,91.215,35108989550,89.35,91.095,75532,91.115,35800,T2003
2020-1-8,91.115,91.045,91.24,98.005,93.075,91.21,37062182600,89.155,91.2,73688,91.185,37795,T2003
2020-1-9,91.185,91.01,91.48,98.11,93.145,91.13,57098342950,89.225,91.32,77995,91.37,58162,T2003
2020-1-10,91.37,91.32,91.665,98.23,93.335,91.355,43640559900,89.405,91.65,79216,91.6,44323,T2003
2020-1-13,91.6,91.545,91.675,98.56,93.57,91.64,26300072150,89.63,91.59,78046,91.575,26698,T2003
2020-1-14,91.575,91.45,91.565,98.5,93.54,91.53,35214500100,89.61,91.53,76378,91.545,35781,T2003
2020-1-15,91.545,91.5,91.715,98.44,93.51,91.6,37284031050,89.58,91.615,74856,91.63,37848,T2003
2020-1-16,91.63,91.45,91.65,98.525,93.6,91.585,42875085750,89.66,91.54,73990,91.555,43538,T2003
2020-1-17,91.555,91.44,91.74,98.45,93.52,91.54,47253123200,89.59,91.71,74156,91.7,47964,T2003
2020-1-20,91.7,91.75,92.01,98.62,93.67,91.775,33207041950,89.73,92.005,73078,91.975,33605,T2003
2020-1-21,91.975,91.96,92.28,98.915,93.95,91.99,40775090000,90,92.255,71089,92.235,41159,T2003
2020-1-22,92.235,92.22,92.535,99.165,94.215,92.455,32799874100,90.255,92.22,68382,92.245,33043,T2003
2020-1-23,92.245,92.33,92.79,99.13,94.225,92.415,37472739650,90.265,92.78,66494,92.7,37670,T2003
2020-2-3,92.7,93.885,94.595,99.69,94.69,93.99,52792854800,90.71,94.06,57874,94.12,52196,T2003
2020-2-4,94.12,93.87,94.075,100.97,96.14,94.055,33938346900,92.1,93.875,56434,93.93,33651,T2003
2020-2-5,93.93,93.67,93.995,100.785,95.945,93.74,39291589350,91.915,93.955,55062,93.95,39011,T2003
2020-2-6,93.95,93.825,94.065,100.865,95.965,93.89,34774377650,91.935,94,53963,93.97,34478,T2003
2020-2-7,93.97,94.025,94.275,100.91,95.985,94.04,35055671450,91.955,94.27,53646,94.23,34681,T2003
2020-2-10,94.23,94.135,94.39,101.18,96.25,94.39,34612466850,92.21,94.17,49476,94.18,34211,T2003
2020-2-11,94.18,93.775,94.17,101.08,96.2,94.13,46305869050,92.16,93.82,42887,93.88,45899,T2003
2020-2-12,93.88,93.695,93.95,100.73,95.895,93.77,35899148600,91.865,93.805,39174,93.875,35641,T2003
2020-2-13,93.875,93.74,93.98,100.715,95.89,93.86,34944184050,91.86,93.96,36235,93.935,34674,T2003
2020-2-14,93.935,93.465,93.985,100.87,95.95,93.95,38332928800,91.92,93.48,33321,93.615,38085,T2003
2020-2-17,94.15,93.33,93.725,100.39,95.63,93.585,28325603300,91.63,93.37,42368,93.405,28353,T2006
2020-2-18,93.405,93.475,93.79,99.745,95.4,93.505,32906531600,91.41,93.735,45409,93.705,32910,T2006
2020-2-19,93.705,93.675,93.835,100.11,95.705,93.69,32133125600,91.705,93.725,49802,93.755,32091,T2006
2020-2-20,93.755,93.405,93.7,100.1,95.755,93.67,47315123500,91.755,93.51,52637,93.455,47349,T2006
2020-2-21,93.455,93.66,93.925,99.885,95.45,93.665,47526470200,91.46,93.855,55381,93.83,47436,T2006
2020-2-24,93.83,94.005,94.195,100.23,95.83,94.055,42894941900,91.83,94.095,58611,94.105,42692,T2006
2020-2-25,94.105,93.985,94.215,100.47,96.11,94.215,43850535350,92.1,94.075,58069,94.045,43646,T2006
2020-2-26,94.045,93.91,94.245,100.45,96.05,94.175,50392603250,92.04,94.06,58711,94.005,50166,T2006
2020-2-27,94.005,94.085,94.35,100.435,96.01,94.175,48871678550,92,94.25,60878,94.29,48591,T2006
2020-2-28,94.29,94.425,94.74,100.625,96.3,94.47,60677049300,92.28,94.735,64307,94.635,60104,T2006
2020-3-2,94.635,94.41,94.865,101.11,96.655,94.83,58638549900,92.615,94.555,64454,94.495,58093,T2006
2020-3-3,94.495,94.215,94.525,100.93,96.51,94.335,49948436700,92.48,94.42,64395,94.425,49591,T2006
2020-3-4,94.425,94.635,94.885,100.795,96.44,94.675,59289816750,92.41,94.845,69628,94.805,58620,T2006
2020-3-5,94.805,94.65,94.85,101.22,96.825,94.775,44353355150,92.785,94.79,70106,94.785,43863,T2006
2020-3-6,94.785,94.885,95.145,101.165,96.805,94.92,55427538400,92.765,95.105,73129,95.075,54666,T2006
2020-3-9,95.075,95.49,95.88,101.48,97.1,95.75,60478561600,93.05,95.56,74925,95.605,59262,T2006
2020-3-10,95.605,94.785,95.45,101.935,97.64,95.385,79742496300,93.57,94.825,72838,94.895,78559,T2006
2020-3-11,94.895,94.695,95.165,101.2,96.92,94.705,58210649800,92.87,95.155,76951,95.075,57432,T2006
2020-3-12,95.075,94.92,95.3,101.53,97.1,95.11,65267027450,93.05,94.94,75950,95.105,64284,T2006
2020-3-13,95.105,94.48,95.17,101.315,97.13,95.03,97964452300,93.08,94.62,75734,94.675,96807,T2006
2020-3-16,94.675,94.435,94.995,100.995,96.695,94.905,76366181300,92.655,94.69,74389,94.615,75564,T2006
2020-3-17,94.615,94.235,94.65,101.065,96.63,94.625,77071714350,92.6,94.245,78977,94.35,76465,T2006
2020-3-18,94.35,94.105,94.715,100.62,96.36,94.105,75067728850,92.34,94.65,81812,94.645,74457,T2006
2020-3-19,94.645,94.16,94.67,101.025,96.665,94.555,78683474100,92.625,94.275,83316,94.255,78058,T2006
2020-3-20,94.255,94.275,94.605,100.65,96.265,94.34,56331833950,92.245,94.45,84317,94.435,55854,T2006
2020-3-23,94.435,94.655,94.97,100.86,96.45,94.705,52692982300,92.42,94.955,85879,94.91,52057,T2006
2020-3-24,94.91,94.805,95.205,101.33,96.935,94.915,65760958250,92.885,95,86967,95.05,64862,T2006
2020-3-25,95.05,94.79,95.415,101.375,97.075,94.875,69479280400,93.025,95.195,89017,95.17,68489,T2006
2020-3-26,95.17,95.225,95.495,101.57,97.2,95.255,56728646350,93.14,95.395,90988,95.395,55744,T2006
2020-3-27,95.395,95.145,95.52,101.77,97.43,95.465,63188503350,93.36,95.175,89626,95.195,62155,T2006
2020-3-30,95.195,95.015,95.41,101.55,97.225,95.075,66867782900,93.165,95.24,88851,95.23,65836,T2006
2020-3-31,95.23,95.065,95.555,101.615,97.26,95.185,57281777650,93.2,95.55,88226,95.485,56310,T2006
2020-4-1,95.485,95.575,95.825,101.925,97.52,95.725,57245474500,93.45,95.755,88485,95.735,56070,T2006
2020-4-2,95.735,95.445,95.805,102.13,97.775,95.725,55507836650,93.695,95.495,87900,95.48,54432,T2006
2020-4-3,95.48,95.115,95.61,101.87,97.515,95.395,67467192700,93.445,95.125,87297,95.2,66326,T2006
2020-4-7,95.2,95.435,96.425,101.5,97.23,95.48,96498982850,93.17,95.93,85337,95.97,94341,T2006
2020-4-8,95.97,95.835,96.315,102.305,98.015,95.97,63027459000,93.925,96.3,86045,96.13,61566,T2006
2020-4-9,96.13,95.785,96.185,102.675,98.18,96.175,59958908450,94.08,96.005,83528,95.935,58585,T2006
2020-4-10,95.935,95.57,96.02,102.38,97.98,96.02,78709622050,93.89,95.82,84878,95.75,77049,T2006
2020-4-13,95.75,95.555,95.95,102.195,97.79,95.765,54333259250,93.71,95.855,84533,95.87,53193,T2006
2020-4-14,95.87,95.785,96.05,102.23,97.91,95.925,51921935850,93.83,95.84,83565,95.855,50759,T2006
2020-4-15,95.855,95.895,96.155,102.215,97.895,95.935,57512878050,93.815,96.055,84127,96.095,56154,T2006
2020-4-16,96.095,96.165,96.38,102.43,98.14,96.2,46602433200,94.05,96.215,83226,96.21,45407,T2006
2020-4-17,96.21,95.93,96.3,102.59,98.26,96.22,61852405250,94.16,95.935,82156,96.005,60354,T2006
2020-4-20,96.005,95.65,96.08,102.31,98.05,95.955,54583283450,93.96,95.75,82746,95.705,53405,T2006
2020-4-21,95.705,95.695,95.91,102.125,97.745,95.755,53422820500,93.665,95.805,81003,95.785,52287,T2006
2020-4-22,95.785,95.875,96.165,102.18,97.825,95.91,51460770650,93.745,96.07,78696,96.09,50249,T2006
2020-4-23,96.09,95.945,96.845,102.445,98.135,96.075,82514231150,94.045,96.71,77916,96.745,80223,T2006
2020-4-24,96.745,96.63,97.11,103.085,98.805,96.845,77433525300,94.685,96.94,75141,96.835,75000,T2006
2020-4-27,96.835,96.545,96.755,103.315,98.895,96.65,46377615200,94.775,96.73,72128,96.69,45013,T2006
2020-4-28,96.69,96.695,96.93,103.105,98.75,96.75,45625739150,94.63,96.885,68669,96.87,44219,T2006
2020-4-29,96.87,96.86,97.11,103.26,98.93,96.925,42008882500,94.81,97.095,66639,97.015,40650,T2006
2020-4-30,97.015,96.545,97.015,103.47,99.08,96.995,48349582250,94.95,96.565,62139,96.62,46892,T2006
2020-5-6,96.62,96.22,96.74,102.94,98.675,96.595,43291795550,94.565,96.26,60385,96.285,42113,T2006
2020-5-7,96.285,95.715,96.22,102.635,98.335,96.135,64812263000,94.235,95.73,58079,95.825,63299,T2006
2020-5-8,95.825,95.405,95.945,102.105,97.865,95.815,76789652950,93.785,95.765,53172,95.79,75236,T2006
2020-5-11,95.79,95.17,95.755,102.14,97.83,95.69,65498042250,93.75,95.26,53697,95.29,64331,T2006
2020-5-12,95.29,95.295,95.665,101.635,97.32,95.43,63466520350,93.26,95.52,47496,95.54,62297,T2006
2020-5-13,95.54,95.22,95.66,101.895,97.575,95.54,53673612550,93.505,95.28,45258,95.285,52708,T2006
2020-5-14,95.995,94.84,95.385,101.655,97.31,95.215,70421925350,93.28,95.32,51727,95.255,69851,T2009
2020-5-15,95.255,95.075,95.565,100.985,97.27,95.485,77745478600,93.24,95.455,55583,95.47,76984,T2009
2020-5-18,95.47,94.865,95.325,101.12,97.49,95.295,81008368550,93.45,94.945,61034,94.94,80439,T2009
2020-5-19,94.94,94.59,95.19,100.61,96.95,94.72,83987671050,92.93,95.035,65791,95.1,83497,T2009
2020-5-20,95.1,95.045,95.43,100.7,97.115,95.135,68923883900,93.085,95.265,65217,95.335,68304,T2009
2020-5-21,95.335,95.24,95.55,100.93,97.355,95.275,63216073500,93.315,95.375,64312,95.42,62529,T2009
2020-5-22,95.42,95.57,96.065,101.04,97.44,95.575,82623355050,93.4,96.06,65668,95.94,81408,T2009
2020-5-25,95.94,95.52,95.915,101.725,97.97,95.885,61313971300,93.91,95.55,65105,95.56,60508,T2009
2020-5-26,95.56,95,95.815,101.215,97.58,95.485,85608599600,93.54,95.13,68663,95.165,84801,T2009
2020-5-27,95.165,95.035,95.33,100.795,97.18,95.145,76665660150,93.15,95.26,71036,95.195,76012,T2009
2020-5-28,95.195,95.25,95.65,100.925,97.21,95.335,80116270250,93.18,95.515,72839,95.565,79241,T2009
2020-5-29,95.565,95.295,95.705,101.18,97.585,95.565,68297660950,93.545,95.32,73275,95.385,67505,T2009
2020-6-1,95.385,95.045,95.53,100.985,97.405,95.485,60022266400,93.365,95.14,74112,95.105,59484,T2009
2020-6-2,95.105,94.63,95.035,100.805,97.12,95.015,83696727400,93.09,94.635,75978,94.815,83262,T2009
2020-6-3,94.815,94.23,94.74,100.3,96.82,94.545,1.13397E+11,92.81,94.71,75391,94.64,113223,T2009
2020-6-4,94.64,94.36,94.71,100.375,96.645,94.545,63945767050,92.635,94.44,76325,94.44,63813,T2009
2020-6-5,94.44,94.13,94.56,100.105,96.44,94.38,83916619850,92.44,94.18,78300,94.195,83945,T2009
2020-6-8,94.195,94.06,94.59,99.845,96.19,94.17,65989468650,92.2,94.51,77930,94.51,65959,T2009
2020-6-9,94.51,94.355,94.69,100.175,96.51,94.475,62362268000,92.51,94.385,76982,94.435,62231,T2009
2020-6-10,94.435,94.26,94.575,100.05,96.435,94.48,67526612150,92.435,94.46,76929,94.38,67476,T2009
2020-6-11,94.38,94.47,94.875,100.125,96.38,94.53,66401074800,92.38,94.775,76689,94.78,66178,T2009
2020-6-12,94.78,94.875,95.095,100.44,96.785,95.035,67761550450,92.775,94.99,73004,94.995,67312,T2009
2020-6-15,94.995,94.995,95.365,100.655,97.005,95.145,66594638900,92.985,95.12,73393,95.24,66016,T2009
2020-6-16,95.24,94.475,94.765,100.785,97.255,94.635,75360551600,93.225,94.495,76824,94.525,75157,T2009
2020-6-17,94.525,94.37,94.61,100.16,96.525,94.44,61773388800,92.525,94.4,79609,94.46,61683,T2009
2020-6-18,94.46,94.375,94.8,100.065,96.46,94.72,74049672400,92.46,94.53,80034,94.47,73885,T2009
2020-6-19,94.47,94.285,94.575,100.195,96.47,94.54,66384874250,92.47,94.555,80970,94.43,66307,T2009
2020-6-22,94.43,94.275,94.565,100.22,96.43,94.49,47243775650,92.43,94.285,83856,94.36,47200,T2009
2020-6-23,94.36,93.98,94.445,99.95,96.36,94.23,82225719400,92.36,94.245,86019,94.155,82356,T2009
2020-6-24,94.155,94.27,94.54,99.91,96.15,94.315,50719304450,92.16,94.48,82467,94.495,50684,T2009
2020-6-29,94.495,94.39,94.68,100.145,96.495,94.465,48549894250,92.495,94.525,81881,94.58,48449,T2009
2020-6-30,94.58,94.325,94.655,100.19,96.58,94.48,55201151450,92.58,94.65,82466,94.61,55126,T2009
2020-7-1,94.61,94.515,94.735,100.315,96.615,94.615,48787631150,92.605,94.585,83678,94.57,48642,T2009
2020-7-2,94.57,94.465,94.665,100.25,96.57,94.63,50885782650,92.57,94.61,83189,94.62,50770,T2009
2020-7-3,94.62,94.275,94.545,100.275,96.625,94.495,60189059600,92.615,94.3,85687,94.325,60152,T2009
2020-7-6,94.325,93.255,94.135,99.965,96.32,94.105,87343708100,92.33,93.27,92805,93.405,87906,T2009
2020-7-7,93.405,92.82,93.395,98.935,95.385,92.935,86000236050,91.425,93.305,90743,93.32,87000,T2009
2020-7-8,93.32,92.76,93.33,98.97,95.295,93.24,88308901750,91.345,92.87,91141,92.85,89459,T2009
2020-7-9,92.85,92.36,92.91,98.535,94.82,92.74,1.19384E+11,90.88,92.77,91597,92.805,121408,T2009
2020-7-10,92.805,92.795,93.125,98.435,94.77,92.825,85643543300,90.84,92.905,90353,92.945,86832,T2009
2020-7-13,92.945,92.57,92.95,98.57,94.915,92.925,79233904750,90.975,92.715,92768,92.735,80519,T2009
2020-7-14,92.735,92.885,93.095,98.38,94.7,92.895,75393754300,90.77,92.955,90593,92.945,76421,T2009
2020-7-15,92.945,92.825,93.37,98.62,94.915,92.935,88045562050,90.975,93.36,90375,93.29,89131,T2009
2020-7-16,93.29,93.235,93.695,99.025,95.265,93.325,83853592650,91.315,93.605,88223,93.595,84554,T2009
2020-7-17,93.595,93.38,93.8,99.27,95.58,93.545,82631838700,91.61,93.52,86321,93.46,83262,T2009
2020-7-20,93.46,93.355,93.59,99.185,95.44,93.505,56703676650,91.48,93.58,84541,93.515,57194,T2009
2020-7-21,93.515,93.615,93.905,99.245,95.495,93.83,61106686400,91.535,93.72,83936,93.675,61456,T2009
2020-7-22,93.675,93.42,94.11,99.385,95.66,93.66,76850398200,91.69,94.105,85722,94.01,77308,T2009
2020-7-23,94.01,93.855,94.125,99.77,96,94.035,62421377950,92.02,93.99,84405,94.05,62627,T2009
2020-7-24,94.05,93.895,94.41,99.655,96.04,93.955,72700734250,92.06,94.32,81720,94.285,72801,T2009
2020-7-27,94.285,94.065,94.295,99.985,96.28,94.265,50213731200,92.29,94.19,81034,94.165,50301,T2009
2020-7-28,94.165,93.79,94.05,99.855,96.16,93.96,65314194100,92.17,93.835,80819,93.855,65595,T2009
2020-7-29,93.855,93.505,93.915,99.5,95.845,93.845,58283707500,91.865,93.57,82211,93.57,58675,T2009
2020-7-30,93.57,93.41,93.61,99.235,95.55,93.465,48801860950,91.59,93.495,83433,93.52,49201,T2009
2020-7-31,93.52,93.115,93.42,99.16,95.5,93.39,67395256950,91.54,93.175,84956,93.19,68138,T2009
2020-8-3,93.19,92.975,93.45,98.84,95.165,92.975,58550189200,91.215,93.405,82369,93.38,59186,T2009
2020-8-4,93.38,93.26,93.61,99.07,95.36,93.33,56821674400,91.4,93.525,80011,93.465,57324,T2009
2020-8-5,93.465,93.29,93.725,99.19,95.445,93.57,71115768600,91.485,93.325,77843,93.345,71706,T2009
2020-8-6,93.345,93.17,93.45,98.99,95.325,93.215,59356593550,91.365,93.225,75127,93.22,59968,T2009
2020-8-7,93.22,92.99,93.395,98.89,95.195,93.175,74375217900,91.245,93.13,70745,93.145,75239,T2009
2020-8-10,93.145,93.175,93.61,98.795,95.12,93.2,60414291950,91.17,93.6,66183,93.53,60980,T2009
2020-8-11,93.53,93.27,93.58,99.265,95.51,93.58,68637873350,91.55,93.53,60917,93.5,69250,T2009
2020-8-12,93.5,93.195,93.685,99.195,95.48,93.5,74400941250,91.52,93.635,56949,93.475,75056,T2009
2020-8-13,93.475,93.495,93.78,99.3,95.455,93.51,49381191650,91.495,93.665,56191,93.705,49721,T2009
2020-8-14,93.705,93.65,93.95,99.33,95.69,93.785,51099546050,91.72,93.835,53906,93.795,51363,T2009
2020-8-17,93.795,93.805,94.035,99.5,95.78,93.985,41439031550,91.81,93.895,48540,93.845,41612,T2009
2020-8-18,93.845,93.625,93.9,99.56,95.835,93.83,39379399450,91.855,93.7,39421,93.675,39601,T2009
2020-8-19,93.71,93.38,93.795,99.365,95.68,93.685,39922313550,91.74,93.39,61750,93.465,40469,T2012
2020-8-20,93.465,93.075,93.465,98.425,95.435,93.395,55561675700,91.495,93.15,69429,93.17,56518,T2012
2020-8-21,93.17,93.155,93.425,98.185,95.13,93.16,46060074750,91.21,93.345,71589,93.385,46839,T2012
2020-8-24,93.385,93.235,93.475,98.38,95.35,93.295,44913130050,91.42,93.25,73181,93.33,45655,T2012
2020-8-25,93.33,92.84,93.125,98.285,95.295,93.09,75162896250,91.365,92.9,81918,92.88,76706,T2012
2020-8-26,92.88,92.665,93.1,97.935,94.835,92.955,59124675000,90.925,92.675,86541,92.775,60357,T2012
2020-8-27,92.775,92.615,92.88,97.71,94.73,92.705,59225856200,90.82,92.79,85781,92.83,60553,T2012
2020-8-28,92.83,92.54,92.8,97.825,94.785,92.675,68890121700,90.875,92.76,87681,92.66,70500,T2012
2020-8-31,92.66,92.75,93.045,97.795,94.61,92.77,49044062800,90.71,93.01,88735,93,50067,T2012
2020-9-1,93,92.87,93.085,98.045,94.96,93.01,48168287650,91.04,92.935,92601,92.925,49154,T2012
2020-9-2,92.925,92.53,92.845,97.97,94.88,92.775,65992958450,90.97,92.66,99635,92.665,67547,T2012
2020-9-3,92.665,92.44,92.85,97.695,94.615,92.545,72635851900,90.715,92.81,101033,92.775,74376,T2012
2020-9-4,92.775,92.635,92.89,97.845,94.73,92.825,45463561500,90.82,92.655,101483,92.68,46487,T2012
2020-9-7,92.68,92.405,92.64,97.69,94.63,92.57,60025271300,90.73,92.555,104390,92.51,61523,T2012
2020-9-8,92.51,92.645,92.935,97.59,94.46,92.65,61634811500,90.56,92.865,102125,92.875,62983,T2012
2020-9-9,92.875,92.92,93.255,97.9,94.83,92.965,67700870650,90.92,93.235,98053,93.17,69006,T2012
2020-9-10,93.17,93.07,93.355,98.27,95.13,93.11,57683170000,91.21,93.305,97901,93.31,58684,T2012
2020-9-11,93.31,92.82,93.2,98.34,95.275,93.175,67906243500,91.345,92.825,100300,92.885,69248,T2012
2020-9-14,92.885,92.475,92.73,97.86,94.84,92.725,59851988500,90.93,92.665,101938,92.605,61295,T2012
2020-9-15,92.605,92.67,93.085,97.7,94.555,92.765,66282152650,90.655,93,100427,92.995,67705,T2012
2020-9-16,92.995,92.915,93.195,98.035,94.955,93.065,64776459550,91.035,92.92,101935,92.97,66042,T2012
2020-9-17,92.97,92.79,93.07,97.955,94.93,92.905,57142331300,91.01,92.85,101453,92.85,58337,T2012
2020-9-18,92.85,92.745,93.1,97.885,94.805,92.86,68137075250,90.895,92.83,102919,92.795,69559,T2012
2020-9-21,92.795,92.875,93.27,97.865,94.75,92.905,69557517200,90.84,93.22,104129,93.17,70854,T2012
2020-9-22,93.17,93.22,93.525,98.255,95.13,93.345,78625477200,91.21,93.51,106101,93.475,79906,T2012
2020-9-23,93.475,93.245,93.535,98.545,95.445,93.445,62077059550,91.505,93.38,104364,93.335,63093,T2012
2020-9-24,93.335,93.225,93.56,98.415,95.3,93.42,71826741550,91.37,93.31,103019,93.3,72980,T2012
2020-9-25,93.3,93.03,93.29,98.345,95.265,93.24,66779643250,91.335,93.065,103341,93.09,68004,T2012
2020-9-28,93.09,93.005,93.25,98.1,95.05,93.055,44809211550,91.13,93.24,104409,93.2,45643,T2012
2020-9-29,93.2,92.95,93.24,98.275,95.16,93.23,49932052050,91.24,93.01,103971,92.99,50894,T2012
2020-9-30,92.99,92.695,93.15,98.045,94.95,93.075,49484021000,91.03,92.74,102112,92.75,50524,T2012
2020-10-9,92.75,92.42,92.63,97.775,94.705,92.505,42720819300,90.795,92.42,105698,92.47,43798,T2012
2020-10-12,92.47,92.29,92.645,97.455,94.42,92.39,52238871100,90.52,92.59,106656,92.59,53567,T2012
2020-10-13,92.59,92.47,92.63,97.625,94.54,92.595,45577481100,90.64,92.5,108066,92.5,46713,T2012
2020-10-14,92.5,92.315,92.55,97.535,94.45,92.475,64947402900,90.55,92.49,108905,92.4,66644,T2012
2020-10-15,92.4,92.25,92.585,97.525,94.345,92.41,57825711650,90.455,92.32,110544,92.34,59346,T2012
2020-10-16,92.34,92.22,92.48,97.355,94.285,92.315,51709634700,90.395,92.46,109710,92.43,53091,T2012
2020-10-19,92.43,92.42,92.815,97.495,94.375,92.45,64870876500,90.485,92.78,108902,92.75,66414,T2012
2020-10-20,92.75,92.59,92.86,97.815,94.705,92.705,51804854250,90.795,92.84,109840,92.79,52999,T2012
2020-10-21,92.79,92.73,92.95,97.875,94.745,92.785,54276132550,90.835,92.785,109350,92.765,55468,T2012
2020-10-22,92.765,92.885,93.1,97.82,94.72,92.89,63305844950,90.81,93.095,111754,93.05,64567,T2012
2020-10-23,93.05,92.885,93.125,98.13,95.01,93.01,63081426550,91.09,92.93,112996,92.955,64353,T2012
2020-10-26,92.955,92.815,93.095,97.965,94.91,92.865,58482085900,91,92.955,112611,92.96,59679,T2012
2020-10-27,92.96,92.955,93.21,97.99,94.915,92.985,58057461350,91.005,93.18,116133,93.175,59150,T2012
2020-10-28,93.175,92.97,93.33,98.215,95.135,93.28,71652425800,91.215,93.105,111990,93.055,72986,T2012
2020-10-29,93.055,92.95,93.25,98.14,95.015,93.175,58894454100,91.095,92.995,107966,92.98,60016,T2012
2020-10-30,92.98,92.895,93.155,98.03,94.94,92.985,54492832200,91.02,93.05,106422,93.095,55574,T2012
2020-11-2,93.095,92.93,93.28,98.085,95.055,92.995,52316178250,91.135,93.265,108207,93.23,53303,T2012
2020-11-3,93.23,93.2,93.355,98.3,95.195,93.29,58910943550,91.265,93.31,106882,93.26,59928,T2012
2020-11-4,93.26,93.155,93.425,98.345,95.225,93.265,71717874850,91.295,93.405,108000,93.365,72945,T2012
2020-11-5,93.365,93.235,93.45,98.44,95.33,93.31,66084764350,91.4,93.265,102780,93.275,67178,T2012
2020-11-6,93.275,93.02,93.24,98.3,95.24,93.165,55993184350,91.31,93.03,100247,93.06,57037,T2012
2020-11-9,93.06,92.745,93.015,98.065,95.02,92.995,56714678400,91.1,92.845,94319,92.83,57940,T2012
2020-11-10,92.83,92.59,93.025,97.88,94.785,92.66,57728187900,90.875,92.89,87913,92.945,58963,T2012
2020-11-11,92.945,92.825,93.01,97.925,94.9,92.97,43995222450,90.99,92.885,85913,92.87,44917,T2012
2020-11-12,92.87,92.775,92.96,97.92,94.825,92.785,46035286150,90.915,92.81,81763,92.83,47029,T2012
2020-11-13,92.83,92.52,92.89,97.845,94.785,92.765,73912078400,90.875,92.6,76740,92.57,75633,T2012
2020-11-16,92.57,92.565,92.815,97.635,94.52,92.705,49789442900,90.62,92.585,70909,92.6,50955,T2012
2020-11-17,92.6,92.42,92.615,97.62,94.55,92.595,45145361500,90.65,92.48,62711,92.465,46272,T2012
2020-11-18,92.465,92.16,92.48,97.515,94.415,92.46,48126263150,90.515,92.18,54076,92.225,49431,T2012
2020-11-19,92.24,92.02,92.28,97.215,94.18,92.14,44092892750,90.3,92.1,82390,92.13,45453,T2103
2020-11-20,92.13,91.895,92.26,96.96,94.065,91.98,66085672050,90.195,92.16,93622,92.16,68173,T2103
2020-11-23,92.16,92.315,92.49,97.02,94.1,92.355,54883067250,90.22,92.435,96355,92.455,56427,T2103
2020-11-24,92.455,92.305,92.505,97.295,94.4,92.435,47411565350,90.51,92.325,101561,92.335,48742,T2103
2020-11-25,92.335,92.3,92.62,97.185,94.275,92.305,61180570050,90.395,92.59,104140,92.495,62833,T2103
2020-11-26,92.495,92.415,92.65,97.45,94.44,92.59,46300475750,90.55,92.455,105371,92.45,47539,T2103
2020-11-27,92.45,92.315,92.61,97.315,94.395,92.495,55456527900,90.505,92.315,105736,92.38,56971,T2103
2020-11-30,92.38,92.49,92.84,97.175,94.32,92.49,68961715300,90.44,92.81,106085,92.785,70718,T2103
2020-12-1,92.785,92.555,92.765,97.67,94.735,92.74,49899707550,90.835,92.625,104959,92.585,51170,T2103
2020-12-2,92.585,92.32,92.545,97.485,94.53,92.535,53728370300,90.64,92.395,106207,92.36,55226,T2103
2020-12-3,92.36,92.29,92.49,97.255,94.3,92.44,43879030750,90.42,92.375,106932,92.34,45120,T2103
2020-12-4,92.34,92.395,92.625,97.235,94.28,92.425,47658403500,90.4,92.575,106728,92.585,48949,T2103
2020-12-7,92.585,92.365,92.525,97.435,94.53,92.49,50810965400,90.64,92.45,105215,92.465,52215,T2103
2020-12-8,92.465,92.525,92.755,97.31,94.41,92.535,52758723050,90.52,92.675,109613,92.71,54091,T2103
2020-12-9,92.71,92.52,92.75,97.535,94.66,92.72,57787035250,90.76,92.64,109296,92.6,59271,T2103
2020-12-10,92.6,92.67,92.81,97.5,94.545,92.67,47438805850,90.655,92.685,111507,92.75,48607,T2103
2020-12-11,92.75,92.33,92.66,97.545,94.7,92.66,68632694350,90.8,92.355,107692,92.365,70528,T2103
2020-12-14,92.365,92.29,92.435,97.215,94.305,92.34,49063161050,90.425,92.36,107314,92.365,50462,T2103
2020-12-15,92.365,92.48,92.635,97.22,94.305,92.55,52753981900,90.425,92.5,105881,92.53,54155,T2103
2020-12-16,92.53,92.4,92.595,97.36,94.475,92.52,43190569600,90.585,92.485,107018,92.46,44365,T2103
2020-12-17,92.46,92.325,92.565,97.345,94.405,92.505,47226876650,90.515,92.36,108207,92.36,48544,T2103
2020-12-18,92.36,92.195,92.44,97.22,94.3,92.335,52341198500,90.42,92.205,110417,92.235,53864,T2103
2020-12-21,92.235,92.325,92.46,97.065,94.175,92.325,39601877700,90.295,92.41,108767,92.41,40717,T2103
2020-12-22,92.41,92.54,92.83,97.27,94.355,92.59,58084985450,90.465,92.77,111235,92.78,59540,T2103
2020-12-23,92.78,92.78,92.91,97.63,94.73,92.84,52282294800,90.83,92.885,113306,92.85,53509,T2103
2020-12-24,92.85,92.69,92.92,97.745,94.8,92.865,46513142050,90.9,92.745,113349,92.73,47625,T2103
2020-12-25,92.73,92.71,93.01,97.605,94.68,92.82,47517387450,90.78,92.995,116934,92.935,48631,T2103
2020-12-28,92.935,92.985,93.145,97.855,94.89,93.115,40115242150,90.98,93.02,114411,93.03,40961,T2103
2020-12-29,93.03,93.055,93.23,97.88,94.985,93.12,43243922850,91.075,93.16,116319,93.18,44125,T2103
2020-12-30,93.18,93.085,93.36,98.02,95.14,93.12,47906903350,91.22,93.35,116320,93.31,48822,T2103
2020-12-31,93.31,93.065,93.49,98.21,95.27,93.48,59341701800,91.35,93.135,113589,93.105,60514,T2103
2021-1-4,93.105,92.945,93.205,97.995,95.06,93.09,45705291550,91.15,92.98,112509,92.97,46679,T2103
2021-1-5,92.97,92.985,93.275,97.84,94.925,93.025,46032404850,91.015,93.21,115753,93.22,46983,T2103
2021-1-6,93.22,93.135,93.385,98.07,95.18,93.26,54297919550,91.26,93.245,116340,93.215,55342,T2103
2021-1-7,93.215,93.24,93.425,98.105,95.175,93.365,53346404050,91.255,93.265,118834,93.28,54330,T2103
2021-1-8,93.28,92.965,93.26,98.125,95.24,93.245,56559590550,91.32,93.08,113832,93.015,57755,T2103
2021-1-11,93.015,92.795,93.08,97.94,94.97,93.04,61272186550,91.06,92.975,110479,92.925,62679,T2103
2021-1-12,92.925,92.88,93.115,97.835,94.88,92.99,50292679750,90.97,93.105,109340,93,51395,T2103
2021-1-13,93,93.005,93.225,97.965,94.955,93.055,53335492400,91.045,93.18,114162,93.195,54430,T2103
2021-1-14,93.195,93.225,93.545,98.04,95.155,93.33,66881121650,91.235,93.34,114323,93.35,68076,T2103
2021-1-15,93.35,93.05,93.415,98.2,95.31,93.33,60816680900,91.39,93.06,116908,93.08,62019,T2103
2021-1-18,93.08,92.86,93.04,97.92,95.035,92.98,56268525000,91.125,92.965,112792,92.995,57522,T2103
2021-1-19,92.995,92.945,93.1,97.825,94.95,92.965,43009489500,91.04,93,110995,93.06,43940,T2103
2021-1-20,93.06,92.96,93.15,97.86,95.015,93.1,48186301200,91.105,93.11,109920,93.09,49212,T2103
2021-1-21,93.09,93.09,93.325,97.97,95.045,93.145,55289080450,91.135,93.325,111007,93.275,56377,T2103
2021-1-22,93.275,93.155,93.5,98.185,95.235,93.24,57466186950,91.315,93.49,114632,93.445,58512,T2103
2021-1-25,93.445,93.315,93.58,98.35,95.41,93.41,59286159450,91.48,93.475,118000,93.515,60305,T2103
2021-1-26,93.515,93.045,93.29,98.335,95.48,93.29,66634074900,91.55,93.065,113462,93.1,68000,T2103
2021-1-27,93.1,92.99,93.185,97.925,95.055,93.07,54810648100,91.145,93.11,108297,93.115,55956,T2103
2021-1-28,93.115,92.8,93.1,97.97,95.07,93.04,61723626850,91.16,92.82,108866,92.85,63120,T2103
2021-1-29,92.85,92.54,92.965,97.68,94.8,92.865,92369645000,90.9,92.885,107768,92.815,94584,T2103
2021-2-1,92.815,92.89,93.05,97.745,94.765,92.94,43374082300,90.865,92.945,104221,92.965,44333,T2103
2021-2-2,92.965,92.85,93.005,97.805,94.92,92.95,39210173750,91.01,92.89,101537,92.875,40100,T2103
2021-2-3,92.875,92.485,92.815,97.75,94.825,92.79,69847133050,90.925,92.55,99963,92.54,71647,T2103
2021-2-4,92.54,92.295,92.61,97.41,94.485,92.57,59699467100,90.595,92.37,94171,92.34,61349,T2103
2021-2-5,92.34,92.285,92.535,97.23,94.28,92.32,59336384650,90.4,92.375,84507,92.345,61003,T2103
2021-2-8,92.345,92.205,92.455,97.235,94.285,92.445,61395671300,90.405,92.415,69250,92.355,63180,T2103
2021-2-9,92.355,92.36,92.55,97.275,94.295,92.425,41666169700,90.415,92.465,59406,92.495,42819,T2103
2021-2-10,92.475,92.16,92.43,97.325,94.41,92.365,30623025100,90.54,92.225,80946,92.2,31638,T2106
2021-2-18,92.2,91.805,92.06,96.745,94.13,91.98,47554152150,90.27,91.925,94684,91.975,49298,T2106
2021-2-19,91.975,92.04,92.23,96.445,93.9,92.04,47379862800,90.05,92.16,99076,92.145,49010,T2106
2021-2-22,92.145,91.89,92.11,96.68,94.075,92.02,51693895250,90.215,92.085,103213,92.065,53557,T2106
2021-2-23,92.065,91.98,92.225,96.605,93.995,92,41238566450,90.135,92.12,106284,92.175,42658,T2106
2021-2-24,92.175,92.175,92.335,96.64,94.105,92.21,44577354050,90.245,92.195,106532,92.24,46056,T2106
2021-2-25,92.24,92.01,92.18,96.715,94.175,92.08,41479512550,90.305,92.13,109028,92.13,42935,T2106
2021-2-26,92.13,91.9,92.21,96.65,94.06,92.175,49011838250,90.2,91.915,113664,91.97,50763,T2106
2021-3-1,91.97,92.025,92.3,96.435,93.895,92.03,47920845800,90.045,92.29,113122,92.26,49555,T2106
2021-3-2,92.26,92.265,92.455,96.81,94.195,92.315,44065408450,90.325,92.345,112692,92.365,45479,T2106
2021-3-3,92.365,92.25,92.495,96.865,94.3,92.345,46156689850,90.43,92.3,113852,92.28,47649,T2106
2021-3-4,92.28,92.14,92.305,96.82,94.215,92.26,45234237950,90.345,92.18,115266,92.185,46765,T2106
2021-3-5,92.185,92.09,92.55,96.7,94.115,92.1,69257116400,90.255,92.525,120754,92.49,71503,T2106
2021-3-8,92.49,92.36,92.685,97.045,94.43,92.425,60494097850,90.55,92.635,121575,92.635,62355,T2106
2021-3-9,92.635,92.39,92.67,97.155,94.575,92.56,66523848400,90.695,92.55,119222,92.51,68564,T2106
2021-3-10,92.51,92.43,92.705,97.07,94.45,92.53,68777256100,90.57,92.655,122664,92.655,70841,T2106
2021-3-11,92.655,92.44,92.68,97.175,94.595,92.65,76210910900,90.715,92.445,119511,92.53,78520,T2106
2021-3-12,92.53,92.33,92.5,96.965,94.47,92.44,55768464150,90.59,92.37,119292,92.375,57529,T2106
2021-3-15,92.375,92.14,92.37,96.89,94.31,92.365,60515333800,90.44,92.225,120427,92.175,62560,T2106
2021-3-16,92.175,92.235,92.385,96.745,94.105,92.245,51123455100,90.245,92.285,117712,92.305,52794,T2106
2021-3-17,92.305,92.335,92.47,96.805,94.24,92.335,52913202500,90.37,92.38,117916,92.385,54591,T2106
2021-3-18,92.385,92.22,92.405,96.9,94.32,92.385,47495342950,90.45,92.275,119032,92.285,49064,T2106
2021-3-19,92.285,92.33,92.6,96.795,94.22,92.33,62358122350,90.35,92.545,119041,92.555,64278,T2106
2021-3-22,92.555,92.53,92.68,97.065,94.495,92.59,39814158550,90.615,92.6,119663,92.6,40987,T2106
2021-3-23,92.6,92.535,92.75,97.12,94.54,92.56,50216075300,90.66,92.7,122625,92.695,51667,T2106
2021-3-24,92.695,92.87,93.03,97.22,94.635,92.905,61294394250,90.755,93,125158,92.98,62881,T2106
2021-3-25,92.98,92.91,93.05,97.52,94.93,93,42950799650,91.03,93.05,127200,93.02,44048,T2106
2021-3-26,93.02,92.89,93.005,97.57,94.97,93,50289512700,91.07,92.92,126386,92.93,51600,T2106
2021-3-29,92.93,92.805,92.935,97.44,94.875,92.885,44515678950,90.985,92.9,125968,92.91,45709,T2106
2021-3-30,92.91,92.785,93.09,97.42,94.855,92.945,59212479500,90.965,92.81,126173,92.9,60742,T2106
2021-3-31,92.9,92.82,92.985,97.33,94.845,92.82,43514231250,90.955,92.965,127288,92.955,44663,T2106
2021-4-1,92.955,92.815,92.97,97.485,94.9,92.94,51869392300,91.01,92.88,126227,92.865,53250,T2106
2021-4-2,92.865,92.855,93.05,97.4,94.81,92.88,53798313200,90.92,92.905,126338,92.905,55190,T2106
2021-4-6,92.905,92.745,92.88,97.425,94.85,92.88,44095229100,90.96,92.825,123328,92.81,45309,T2106
2021-4-7,92.81,92.665,92.845,97.345,94.755,92.78,49476970800,90.865,92.675,122937,92.695,50869,T2106
2021-4-8,92.695,92.595,92.745,97.195,94.635,92.7,49860104900,90.755,92.595,122406,92.64,51309,T2106
2021-4-9,92.64,92.63,92.78,97.115,94.58,92.675,48926923300,90.7,92.685,120756,92.685,50321,T2106
2021-4-12,92.685,92.715,92.97,97.205,94.625,92.725,54650816750,90.745,92.94,123723,92.94,56113,T2106
2021-4-13,92.94,93.11,93.305,97.46,94.885,93.11,68851941650,90.995,93.285,123432,93.235,70439,T2106
2021-4-14,93.235,93.18,93.29,97.805,95.19,93.255,39704939100,91.28,93.27,124083,93.265,40615,T2106
2021-4-15,93.265,93.15,93.3,97.79,95.22,93.28,36347128450,91.31,93.18,122425,93.18,37190,T2106
2021-4-16,93.18,93.1,93.29,97.7,95.13,93.15,47728054250,91.23,93.265,123227,93.245,48831,T2106
2021-4-19,93.245,93.185,93.415,97.785,95.2,93.245,53611993700,91.29,93.345,123707,93.33,54793,T2106
2021-4-20,93.33,93.31,93.435,97.865,95.285,93.395,42289897700,91.375,93.36,124479,93.34,43200,T2106
2021-4-21,93.34,93.3,93.47,97.88,95.295,93.33,59040631550,91.385,93.45,126699,93.435,60297,T2106
2021-4-22,93.435,93.285,93.425,97.97,95.39,93.4,50696191200,91.48,93.365,122676,93.375,51805,T2106
2021-4-23,93.375,93.29,93.45,97.885,95.33,93.35,49181359150,91.42,93.395,121908,93.39,50241,T2106
2021-4-26,93.39,93.085,93.23,97.915,95.345,93.23,62145690000,91.435,93.155,112981,93.17,63629,T2106
2021-4-27,93.17,93.04,93.25,97.675,95.12,93.165,52971778650,91.22,93.06,111024,93.075,54230,T2106
2021-4-28,93.075,93.085,93.21,97.58,95.025,93.12,42305484900,91.125,93.12,109911,93.105,43319,T2106
2021-4-29,93.105,93.045,93.275,97.64,95.055,93.19,56120831200,91.155,93.115,104127,93.125,57437,T2106
2021-4-30,93.125,93.115,93.495,97.635,95.075,93.125,62393473750,91.175,93.495,109630,93.41,63785,T2106
2021-5-6,93.41,93.435,93.605,98.015,95.365,93.5,43523226700,91.455,93.555,107968,93.53,44387,T2106
2021-5-7,93.53,93.38,93.64,98.075,95.49,93.555,54545874700,91.57,93.425,100735,93.42,55653,T2106
2021-5-10,93.42,93.31,93.475,97.945,95.375,93.385,46678837550,91.465,93.47,92523,93.415,47675,T2106
2021-5-11,93.415,93.485,93.715,97.99,95.37,93.5,58087025100,91.46,93.69,95208,93.635,59205,T2106
2021-5-12,93.635,93.65,93.795,98.21,95.595,93.75,52471274400,91.675,93.735,90003,93.73,53404,T2106
2021-5-13,93.73,93.525,93.78,98.255,95.695,93.665,45611464100,91.765,93.78,85903,93.705,46474,T2106
2021-5-14,93.705,93.73,93.92,98.3,95.665,93.77,52732721450,91.745,93.83,81042,93.85,53616,T2106
2021-5-17,93.85,93.65,93.92,98.35,95.815,93.785,55578869650,91.885,93.75,67891,93.74,56548,T2106
2021-5-18,93.74,93.7,93.85,98.27,95.695,93.76,40418426150,91.785,93.775,86581,93.775,41314,T2109
2021-5-19,93.775,93.805,94.115,97.825,95.73,93.805,49274405250,91.82,94.07,97276,94.055,50265,T2109
2021-5-20,94.055,94.065,94.375,98.12,96.015,94.15,92449562750,92.095,94.375,114368,94.23,94097,T2109
2021-5-21,94.23,94.275,94.585,98.425,96.195,94.36,70260611450,92.265,94.56,122112,94.515,71343,T2109
2021-5-24,94.515,94.335,94.6,98.61,96.485,94.56,59182454050,92.545,94.435,119636,94.39,60079,T2109
2021-5-25,94.39,94.25,94.42,98.485,96.355,94.39,59295354000,92.425,94.41,119369,94.35,60280,T2109
2021-5-26,94.35,94.425,94.645,98.46,96.315,94.43,69929665750,92.385,94.51,123448,94.575,70938,T2109
2021-5-27,94.575,94.305,94.475,98.56,96.545,94.46,61652732750,92.605,94.31,120822,94.35,62626,T2109
2021-5-28,94.35,94.15,94.31,98.36,96.315,94.275,62655234900,92.385,94.215,119810,94.2,63758,T2109
2021-5-31,94.2,94.105,94.385,98.265,96.165,94.18,60925176100,92.235,94.33,122919,94.33,61957,T2109
2021-6-1,94.33,94.335,94.52,98.38,96.295,94.37,55582463050,92.365,94.355,123949,94.37,56446,T2109
2021-6-2,94.37,94.13,94.38,98.405,96.335,94.32,69978456350,92.405,94.15,122293,94.17,71186,T2109
2021-6-3,94.17,94.125,94.26,98.2,96.13,94.19,52434672100,92.21,94.245,121946,94.22,53363,T2109
2021-6-4,94.22,93.935,94.32,98.295,96.185,94.25,83574834100,92.255,93.97,123338,93.99,85137,T2109
2021-6-7,93.99,93.735,93.89,98.02,95.95,93.85,59997148850,92.03,93.765,125248,93.775,61316,T2109
2021-6-8,93.775,93.765,93.915,97.815,95.73,93.855,45710908650,91.82,93.81,126513,93.79,46698,T2109
2021-6-9,93.79,93.665,93.86,97.86,95.745,93.83,51642040500,91.835,93.72,129126,93.695,52805,T2109
2021-6-10,93.695,93.805,93.93,97.77,95.645,93.86,53512153500,91.745,93.83,127918,93.86,54649,T2109
2021-6-11,93.86,93.615,93.885,97.88,95.815,93.83,62122619650,91.905,93.64,132556,93.645,63532,T2109
2021-6-15,93.645,93.555,93.755,97.69,95.595,93.6,53366608150,91.695,93.71,133986,93.725,54615,T2109
2021-6-16,93.725,93.68,93.82,97.76,95.68,93.71,58981641850,91.77,93.72,134879,93.745,60311,T2109
2021-6-17,93.745,93.595,93.8,97.77,95.7,93.65,59029108950,91.79,93.625,137440,93.66,60387,T2109
2021-6-18,93.66,93.64,93.99,97.675,95.61,93.64,90399111250,91.71,93.96,137250,93.94,92358,T2109
2021-6-21,93.94,94.025,94.25,98.01,95.895,94.055,65319947300,91.985,94.235,141001,94.21,66530,T2109
2021-6-22,94.21,94.125,94.27,98.285,96.175,94.15,57829343100,92.245,94.26,144971,94.2,58862,T2109
2021-6-23,94.2,94.205,94.35,98.31,96.165,94.25,52141683650,92.235,94.285,148317,94.27,53032,T2109
2021-6-24,94.27,94.23,94.42,98.335,96.235,94.35,53790245400,92.305,94.275,147332,94.28,54675,T2109
2021-6-25,94.28,94.195,94.325,98.325,96.245,94.27,49575700950,92.315,94.235,147084,94.25,50435,T2109
2021-6-28,94.25,94.11,94.35,98.285,96.215,94.255,56497277150,92.285,94.115,144736,94.15,57491,T2109
2021-6-29,94.15,94.09,94.3,98.165,96.11,94.11,55864102600,92.19,94.27,147095,94.245,56856,T2109
2021-6-30,94.245,94.225,94.415,98.32,96.21,94.245,62574814700,92.28,94.37,151188,94.38,63598,T2109
2021-7-1,94.38,94.245,94.485,98.42,96.345,94.39,61100105500,92.415,94.265,150786,94.27,62101,T2109
2021-7-2,94.27,94.28,94.415,98.315,96.235,94.285,56735887350,92.305,94.32,155065,94.355,57659,T2109
2021-7-5,94.355,94.26,94.435,98.37,96.32,94.38,45703985050,92.39,94.345,154369,94.335,46459,T2109
2021-7-6,94.335,94.21,94.39,98.395,96.3,94.335,61716184550,92.37,94.23,153661,94.25,62749,T2109
2021-7-7,94.25,94.255,94.67,98.28,96.215,94.285,91070702400,92.285,94.625,166897,94.535,92491,T2109
2021-7-8,94.535,94.835,95.075,98.675,96.505,94.935,78318748650,92.565,95.015,156583,95.03,79106,T2109
2021-7-9,95.03,94.83,95.065,99.065,97.01,94.98,58351971000,93.05,94.955,154104,94.905,58944,T2109
2021-7-12,94.905,94.985,95.365,99.005,96.88,95.06,77873649900,92.93,95.32,154843,95.3,78481,T2109
2021-7-13,95.3,95.29,95.435,99.37,97.285,95.37,55273912700,93.315,95.375,154365,95.37,55596,T2109
2021-7-14,95.37,95.405,95.68,99.425,97.355,95.475,68615755850,93.385,95.555,153988,95.61,68897,T2109
2021-7-15,95.61,95.165,95.46,99.605,97.6,95.45,83111565450,93.62,95.19,149111,95.205,83663,T2109
2021-7-16,95.205,95.18,95.36,99.24,97.19,95.23,48786633900,93.22,95.34,149093,95.32,49118,T2109
2021-7-19,95.32,95.235,95.38,99.39,97.305,95.32,45660949050,93.335,95.305,148954,95.305,45957,T2109
2021-7-20,95.305,95.38,95.565,99.355,97.29,95.39,65606950600,93.32,95.47,149410,95.455,65914,T2109
2021-7-21,95.455,95.41,95.64,99.52,97.445,95.45,54078574350,93.465,95.635,152472,95.61,54302,T2109
2021-7-22,95.61,95.46,95.58,99.685,97.6,95.58,55600642350,93.62,95.54,147853,95.5,55841,T2109
2021-7-23,95.5,95.56,95.725,99.59,97.49,95.56,62267830100,93.51,95.685,150037,95.64,62448,T2109
2021-7-26,95.64,95.765,95.935,99.735,97.63,95.79,64716285950,93.65,95.88,150013,95.9,64774,T2109
2021-7-27,95.9,95.5,96.03,99.93,97.895,95.87,86563804550,93.905,95.55,145280,95.77,86661,T2109
2021-7-28,95.77,95.63,95.815,99.6,97.765,95.67,58870524850,93.775,95.68,142391,95.675,59017,T2109
2021-7-29,95.675,95.715,95.9,99.73,97.665,95.755,56383221900,93.685,95.805,142125,95.835,56456,T2109
2021-7-30,95.835,95.97,96.315,99.855,97.83,95.97,65623879250,93.84,96.305,143064,96.21,65508,T2109
2021-8-2,96.21,96.265,96.62,100.355,98.215,96.55,87056374950,94.205,96.445,128529,96.4,86608,T2109
2021-8-3,96.4,96.185,96.435,100.495,98.405,96.43,63684559150,94.395,96.28,122834,96.29,63468,T2109
2021-8-4,96.29,96.11,96.27,100.33,98.295,96.24,58039102700,94.285,96.25,123323,96.225,57894,T2109
2021-8-5,96.225,96.265,96.53,100.3,98.23,96.33,51976071650,94.22,96.5,122659,96.47,51747,T2109
2021-8-6,96.47,96.33,96.455,100.55,98.48,96.4,47099900850,94.46,96.435,121623,96.405,46889,T2109
2021-8-9,96.405,95.87,96.35,100.485,98.41,96.35,86007850650,94.4,95.89,108160,95.91,85938,T2109
2021-8-10,95.91,95.725,95.995,99.94,97.905,95.81,63943441600,93.915,95.875,101288,95.91,63993,T2109
2021-8-11,95.91,95.67,95.875,99.925,97.905,95.85,58884052900,93.915,95.75,94119,95.76,58983,T2109
2021-8-12,95.76,95.82,96.03,99.8,97.755,95.82,53296494050,93.765,95.96,85837,95.95,53305,T2109
2021-8-13,95.95,95.77,95.995,100.01,97.95,95.96,60327554000,93.95,95.845,73432,95.85,60383,T2109
2021-8-16,95.85,95.725,95.985,99.895,97.845,95.89,62656041900,93.855,95.755,61244,95.765,62722,T2109
2021-8-17,95.77,95.7,95.965,99.805,97.755,95.775,43396416550,93.785,95.925,104384,95.92,43590,T2112
2021-8-18,95.92,95.86,96.35,99.63,97.91,95.865,62185445200,93.93,96.34,118006,96.305,62277,T2112
2021-8-19,96.305,96.25,96.49,100.045,98.305,96.425,66377000700,94.305,96.425,127296,96.385,66313,T2112
2021-8-20,96.385,96.245,96.45,100.13,98.385,96.425,56727259800,94.385,96.29,127379,96.29,56698,T2112
2021-8-23,96.29,96.1,96.285,99.995,98.285,96.22,53506233000,94.295,96.14,127340,96.135,53560,T2112
2021-8-24,96.135,96.045,96.3,99.845,98.13,96.065,57217220700,94.14,96.29,132096,96.235,57279,T2112
2021-8-25,96.235,96.355,96.515,99.995,98.23,96.39,60193417500,94.24,96.41,135336,96.425,60105,T2112
2021-8-26,96.425,96.02,96.29,100.115,98.425,96.275,73536580650,94.425,96.025,135741,96.075,73647,T2112
2021-8-27,96.075,96.105,96.23,99.73,98.07,96.135,58699370450,94.08,96.195,139852,96.175,58772,T2112
2021-8-30,96.175,96.08,96.445,99.9,98.17,96.185,59586493850,94.18,96.395,144312,96.39,59585,T2112
2021-8-31,96.39,96.235,96.505,100.1,98.39,96.415,60382289450,94.39,96.29,144436,96.32,60332,T2112
2021-9-1,96.32,96.355,96.775,99.995,98.32,96.36,81884323700,94.32,96.755,152216,96.73,81600,T2112
2021-9-2,96.73,96.59,96.775,100.46,98.735,96.67,55226581050,94.725,96.635,152178,96.64,55019,T2112
2021-9-3,96.64,96.555,96.735,100.34,98.645,96.595,47596087050,94.635,96.57,152475,96.595,47436,T2112
2021-9-6,96.595,96.46,96.76,100.275,98.6,96.615,65834498000,94.59,96.495,149977,96.505,65629,T2112
2021-9-7,96.505,96.245,96.525,100.2,98.505,96.515,61500272950,94.505,96.255,146198,96.33,61435,T2112
2021-9-8,96.33,96.135,96.385,99.96,98.33,96.255,66016719900,94.33,96.255,150324,96.215,66031,T2112
2021-9-9,96.215,96.15,96.34,99.96,98.21,96.25,49044551850,94.22,96.175,150888,96.18,49071,T2112
2021-9-10,96.18,96.11,96.3,99.88,98.175,96.22,66399747800,94.185,96.28,150702,96.23,66457,T2112
2021-9-13,96.23,95.885,96.385,99.985,98.225,96.33,83052286950,94.235,95.905,151869,96.005,83165,T2112
2021-9-14,96.005,95.82,96.01,99.61,97.995,95.905,70277421900,94.015,95.95,151114,95.95,70536,T2112
2021-9-15,95.95,95.76,96.145,99.655,97.94,96.045,80863925950,93.96,95.775,151854,95.85,81114,T2112
2021-9-16,95.85,95.725,95.95,99.48,97.84,95.79,71045491100,93.86,95.92,148586,95.91,71374,T2112
2021-9-17,95.91,95.95,96.115,99.625,97.9,96.015,53303670000,93.92,96.08,151765,96.065,53439,T2112
2021-9-22,96.065,96.195,96.295,99.785,98.06,96.205,49188483050,94.07,96.265,150666,96.255,49210,T2112
2021-9-23,96.255,96.135,96.45,99.97,98.25,96.2,62566742950,94.26,96.38,152622,96.39,62574,T2112
2021-9-24,96.39,96.16,96.35,100.085,98.39,96.295,56938312800,94.39,96.205,152743,96.225,56956,T2112
2021-9-27,96.225,96.06,96.34,99.91,98.22,96.205,62767361750,94.23,96.1,151812,96.1,62829,T2112
2021-9-28,96.1,95.955,96.13,99.805,98.095,96.08,51256559300,94.105,96.01,149312,96.02,51388,T2112
2021-9-29,96.02,95.975,96.255,99.715,98.01,96.01,56813601550,94.03,96.24,149458,96.21,56915,T2112
2021-9-30,96.21,96.06,96.34,99.945,98.205,96.26,57452564400,94.215,96.155,148135,96.19,57501,T2112
2021-10-8,96.19,95.79,96.035,99.91,98.185,96.035,57433636600,94.195,95.8,150377,95.82,57686,T2112
2021-10-11,95.82,95.365,95.675,99.505,97.81,95.675,68917686450,93.83,95.37,152355,95.43,69453,T2112
2021-10-12,95.43,95.28,95.5,99.075,97.41,95.425,64892712700,93.45,95.4,151263,95.345,65474,T2112
2021-10-13,95.345,95.305,95.565,99.105,97.325,95.44,63044150150,93.365,95.42,153185,95.395,63596,T2112
2021-10-14,95.395,95.41,95.58,99.125,97.375,95.495,51411078350,93.415,95.465,152727,95.485,51821,T2112
2021-10-15,95.485,95.25,95.645,99.17,97.465,95.415,88048465100,93.505,95.435,155426,95.485,88833,T2112
2021-10-18,95.485,94.95,95.08,99.14,97.465,95.015,64807184350,93.505,94.965,155423,94.975,65646,T2112
2021-10-19,94.975,94.92,95.24,98.67,96.945,94.96,69504790950,93.005,95.215,157395,95.185,70354,T2112
2021-10-20,95.185,95.135,95.385,98.92,97.16,95.345,62447631700,93.21,95.17,156646,95.19,63090,T2112
2021-10-21,95.19,95.275,95.49,98.875,97.165,95.295,54118339950,93.215,95.48,155273,95.415,54625,T2112
2021-10-22,95.415,95.3,95.475,99.185,97.395,95.405,52884524450,93.435,95.335,154592,95.365,53364,T2112
2021-10-25,95.365,95.22,95.46,99.04,97.345,95.395,50003148950,93.385,95.335,154746,95.285,50492,T2112
2021-10-26,95.285,95.305,95.55,99.04,97.26,95.355,53524322550,93.31,95.445,152396,95.435,53982,T2112
2021-10-27,95.435,95.39,95.57,99.15,97.415,95.47,49405410200,93.455,95.445,149503,95.435,49810,T2112
2021-10-28,95.435,95.35,95.63,99.15,97.415,95.455,71036376600,93.455,95.565,150648,95.565,71595,T2112
2021-10-29,95.565,95.41,95.66,99.27,97.55,95.595,57653910500,93.58,95.48,146116,95.48,58105,T2112
2021-11-1,95.48,95.555,95.795,99.185,97.46,95.56,63934688200,93.5,95.785,146644,95.765,64329,T2112
2021-11-2,95.765,95.695,96.055,99.49,97.75,95.765,78438933650,93.78,95.985,142366,95.995,78769,T2112
2021-11-3,95.995,95.895,96.125,99.69,97.985,96.03,57535277350,94.005,95.97,139785,95.965,57703,T2112
2021-11-4,95.965,95.94,96.085,99.675,97.955,95.97,43159405800,93.975,96.05,139313,96.03,43281,T2112
2021-11-5,96.03,96.255,96.44,99.755,98.02,96.265,69435576350,94.04,96.415,137765,96.365,69412,T2112
2021-11-8,96.365,96.265,96.51,100.12,98.365,96.45,48645357500,94.365,96.375,134253,96.355,48604,T2112
2021-11-9,96.355,96.17,96.465,100.08,98.355,96.285,58698993800,94.355,96.45,132710,96.39,58700,T2112
2021-11-10,96.39,96.305,96.575,100.155,98.39,96.49,61887747000,94.39,96.36,128070,96.335,61799,T2112
2021-11-11,96.335,96.08,96.295,100.065,98.335,96.205,67680575300,94.335,96.13,116047,96.14,67750,T2112
2021-11-12,96.14,96.035,96.29,99.835,98.135,96.125,52881903550,94.145,96.08,109531,96.125,52940,T2112
2021-11-15,96.125,96.05,96.395,99.785,98.12,96.105,59906533400,94.13,96.37,104679,96.335,59937,T2112
2021-11-16,96.335,96.195,96.5,100.075,98.335,96.39,61780823200,94.335,96.335,93190,96.345,61764,T2112
2021-11-17,96.345,96.22,96.36,100.04,98.345,96.3,43679421100,94.345,96.265,82406,96.255,43686,T2112
2021-11-18,96.255,96.265,96.485,99.97,98.245,96.28,54779703250,94.265,96.45,113953,96.43,54865,T2203
2021-11-19,96.43,96.105,96.59,99.885,98.425,96.465,92926302550,94.435,96.125,131713,96.17,93108,T2203
2021-11-22,96.17,96.315,96.47,99.56,98.16,96.315,64615887250,94.18,96.44,143270,96.4,64714,T2203
2021-11-23,96.4,96.235,96.43,99.875,98.395,96.39,61614087850,94.405,96.38,142287,96.365,61754,T2203
2021-11-24,96.365,96.39,96.745,99.815,98.36,96.435,70378928450,94.37,96.71,151620,96.585,70410,T2203
2021-11-25,96.585,96.6,96.72,100.145,98.585,96.655,51131388100,94.585,96.645,152381,96.67,51086,T2203
2021-11-26,96.67,96.75,96.98,100.08,98.67,96.75,57267529200,94.67,96.92,159777,96.935,57084,T2203
2021-11-29,96.935,96.75,96.92,100.355,98.94,96.895,57409036000,94.93,96.84,157147,96.835,57253,T2203
2021-11-30,96.835,96.585,96.83,100.275,98.84,96.705,69127615500,94.83,96.785,158950,96.765,69027,T2203
2021-12-1,96.765,96.585,96.74,100.22,98.765,96.725,51033912350,94.765,96.65,156487,96.625,50982,T2203
2021-12-2,96.625,96.455,96.705,100.085,98.625,96.65,68087224050,94.625,96.485,156294,96.51,68080,T2203
2021-12-3,96.51,96.29,96.535,99.92,98.505,96.49,68699406600,94.515,96.31,151866,96.315,68812,T2203
2021-12-6,96.315,96.68,96.83,99.745,98.31,96.725,66697330200,94.32,96.76,150869,96.79,66577,T2203
2021-12-7,96.79,96.35,96.73,100.195,98.79,96.71,91876590750,94.79,96.37,147293,96.385,91909,T2203
2021-12-8,96.385,96.27,96.46,99.805,98.38,96.37,56566065550,94.39,96.33,147027,96.315,56681,T2203
2021-12-9,96.315,96.22,96.505,99.765,98.31,96.33,68244932700,94.32,96.42,143373,96.405,68392,T2203
2021-12-10,96.405,96.48,96.635,99.855,98.4,96.495,54027788550,94.41,96.58,143651,96.59,54030,T2203
2021-12-13,96.59,96.28,96.605,100.015,98.59,96.515,75293493000,94.59,96.475,145982,96.45,75380,T2203
2021-12-14,96.45,96.525,96.75,99.91,98.445,96.525,62842370850,94.455,96.67,150088,96.7,62767,T2203
2021-12-15,96.7,96.525,96.745,100.105,98.7,96.57,50776419700,94.7,96.71,149461,96.685,50745,T2203
2021-12-16,96.685,96.425,96.645,100.145,98.685,96.63,62709513150,94.685,96.54,147271,96.485,62742,T2203
2021-12-17,96.485,96.48,96.805,99.975,98.48,96.535,77491736550,94.49,96.645,153202,96.67,77415,T2203
2021-12-20,96.67,96.42,96.72,100.08,98.67,96.57,62069293300,94.67,96.62,153138,96.595,62042,T2203
2021-12-21,96.595,96.485,96.67,100.055,98.595,96.58,59371297500,94.595,96.665,153363,96.615,59370,T2203
2021-12-22,96.615,96.605,96.89,100.1,98.615,96.625,68952829750,94.615,96.88,163013,96.855,68816,T2203
2021-12-23,96.855,96.865,97.065,100.315,98.86,96.89,62157958550,94.85,97.05,171219,97.04,61897,T2203
2021-12-24,97.04,96.895,97.085,100.485,99.045,97.01,51061939350,95.035,96.94,167664,96.93,50852,T2203
2021-12-27,96.93,96.96,97.235,100.375,98.935,97.035,65415426200,94.925,97.03,169115,97.055,65056,T2203
2021-12-28,97.055,96.97,97.145,100.465,99.06,97.115,47083153800,95.05,97.095,169410,97.09,46854,T2203
2021-12-29,97.09,97.1,97.245,100.53,99.1,97.18,51974053500,95.08,97.2,170901,97.155,51661,T2203
2021-12-30,97.155,97.075,97.445,100.635,99.165,97.155,63625530750,95.145,97.42,174453,97.39,63184,T2203
2021-12-31,97.39,97.235,97.4,100.855,99.405,97.27,52515913750,95.375,97.3,169952,97.325,52131,T2203
2022-1-4,97.325,97.09,97.32,100.735,99.34,97.195,62468006750,95.31,97.315,169685,97.26,62088,T2203
2022-1-5,97.26,97.095,97.295,100.75,99.27,97.265,57974738550,95.25,97.165,167089,97.155,57614,T2203
2022-1-6,97.155,96.915,97.065,100.6,99.165,97.06,70776192250,95.145,96.955,163061,96.955,70477,T2203
2022-1-7,96.955,96.895,97.045,100.39,98.96,96.945,51393400650,94.95,96.975,160867,96.96,51187,T2203
2022-1-10,96.96,97.02,97.17,100.41,98.965,97.045,51866925650,94.955,97.115,160557,97.14,51591,T2203
2022-1-11,97.14,97.025,97.28,100.55,99.15,97.09,58207436200,95.13,97.255,163131,97.25,57865,T2203
2022-1-12,97.25,97.18,97.38,100.69,99.26,97.28,65424263300,95.24,97.2,155893,97.2,64971,T2203
2022-1-13,97.2,97.155,97.305,100.635,99.21,97.19,53208274450,95.19,97.195,154491,97.245,52859,T2203
2022-1-14,97.245,97.175,97.355,100.63,99.255,97.255,64899634750,95.235,97.24,159236,97.245,64448,T2203
2022-1-17,97.245,97.26,97.585,100.675,99.255,97.415,79781318750,95.235,97.295,158276,97.3,79148,T2203
2022-1-18,97.3,97.37,97.65,100.73,99.31,97.37,72398312600,95.29,97.62,160584,97.59,71717,T2203
2022-1-19,97.59,97.78,97.97,101.055,99.61,97.94,69080561550,95.57,97.81,154041,97.83,68192,T2203
2022-1-20,97.83,97.695,97.85,101.245,99.855,97.82,48953904000,95.805,97.77,151434,97.76,48368,T2203
2022-1-21,97.76,97.775,97.965,101.205,99.78,97.84,52021686000,95.74,97.945,152012,97.9,51363,T2203
2022-1-24,97.9,97.925,98.145,101.38,99.925,98.125,55917911400,95.875,98.065,147470,98.07,55110,T2203
2022-1-25,98.07,97.915,98.09,101.5,100.1,98.06,53228666650,96.04,98.085,143589,98.03,52477,T2203
2022-1-26,98.03,97.73,98.01,101.52,100.055,97.96,70094486650,96.005,97.81,138527,97.79,69214,T2203
2022-1-27,97.79,97.625,97.855,101.245,99.81,97.755,53243399700,95.77,97.68,136549,97.7,52619,T2203
2022-1-28,97.7,97.635,98.005,101.115,99.72,97.765,57196280850,95.68,97.98,134480,97.875,56506,T2203
2022-2-7,97.875,97.465,97.875,101.415,99.9,97.795,66767952200,95.85,97.735,126505,97.78,66027,T2203
2022-2-8,97.78,97.695,97.915,101.17,99.8,97.805,54500801550,95.76,97.76,122160,97.77,53826,T2203
2022-2-9,97.77,97.61,97.755,101.195,99.79,97.695,58905975750,95.75,97.685,118603,97.66,58255,T2203
2022-2-10,97.66,97.615,97.78,101.12,99.68,97.735,49144355200,95.64,97.65,113108,97.66,48588,T2203
2022-2-11,97.66,97.105,97.365,101.085,99.68,97.315,93727282700,95.64,97.215,95093,97.205,93098,T2203
2022-2-14,97.205,97.085,97.315,100.65,99.215,97.265,59187532150,95.195,97.1,81905,97.115,58811,T2203
2022-2-15,97.115,97.09,97.245,100.535,99.125,97.15,61444660800,95.105,97.095,64127,97.165,61070,T2203
2022-2-16,97.18,97.02,97.265,100.53,99.185,97.105,60844226300,95.175,97.235,117824,97.145,60684,T2206
2022-2-17,97.145,97.245,97.395,100.33,99.145,97.355,61696092700,95.145,97.295,126283,97.31,61441,T2206
2022-2-18,97.31,97.115,97.395,100.39,99.315,97.25,67167598250,95.305,97.125,135180,97.16,66926,T2206
2022-2-21,97.16,96.665,97.145,100.22,99.165,97.05,96833433200,95.155,96.695,149944,96.855,96764,T2206
2022-2-22,96.855,96.665,96.855,99.79,98.85,96.785,85261497000,94.86,96.73,155321,96.755,85369,T2206
2022-2-23,96.755,96.815,96.965,99.825,98.75,96.9,75447460450,94.76,96.91,158663,96.92,75457,T2206
2022-2-24,96.92,96.92,97.155,100.005,98.92,97.04,96255586900,94.92,96.96,160038,96.985,96150,T2206
2022-2-25,96.985,96.88,97.13,100.055,98.985,96.905,63697420600,94.985,97.12,161510,97.09,63624,T2206
2022-2-28,97.09,97.11,97.255,100.215,99.09,97.155,54343729450,95.09,97.14,161485,97.15,54191,T2206
2022-3-1,97.15,96.865,97.2,100.235,99.15,97.18,75896402250,95.15,96.895,165358,96.895,75854,T2206
2022-3-2,96.895,96.74,96.885,99.99,98.89,96.775,70753655700,94.9,96.82,167906,96.81,70813,T2206
2022-3-3,96.81,96.465,96.815,99.915,98.805,96.78,95715190750,94.815,96.495,172788,96.545,95956,T2206
2022-3-4,96.545,96.485,96.76,99.59,98.535,96.645,87360966850,94.555,96.7,171437,96.68,87601,T2206
2022-3-7,96.68,96.51,96.89,99.795,98.675,96.585,1.02613E+11,94.685,96.785,172834,96.81,102839,T2206
2022-3-8,96.81,96.775,96.94,99.88,98.805,96.785,70946567750,94.815,96.895,174298,96.88,70970,T2206
2022-3-9,96.88,96.455,96.76,99.99,98.875,96.73,1.07166E+11,94.885,96.65,177077,96.635,107449,T2206
2022-3-10,96.635,96.545,96.805,99.745,98.625,96.735,65316796750,94.645,96.555,178895,96.59,65468,T2206
2022-3-11,96.59,96.435,97.185,99.65,98.58,96.555,1.5043E+11,94.6,97.125,177981,96.97,150680,T2206
2022-3-14,96.97,97.395,97.605,100.22,98.97,97.405,1.19147E+11,94.97,97.58,167478,97.555,118423,T2206
2022-3-15,97.555,97.005,97.585,100.675,99.565,97.275,1.51008E+11,95.545,97.11,171292,97.125,150437,T2206
2022-3-16,97.125,96.87,97.505,100.205,99.125,97.08,1.24016E+11,95.125,97.265,166806,97.26,123701,T2206
2022-3-17,97.26,97.155,97.325,100.36,99.265,97.265,64969376200,95.255,97.285,166900,97.26,64750,T2206
2022-3-18,97.26,97.23,97.495,100.38,99.265,97.35,61212444800,95.255,97.425,168459,97.425,60925,T2206
2022-3-21,97.425,97.22,97.365,100.52,99.435,97.305,52261493300,95.415,97.27,168200,97.265,52064,T2206
2022-3-22,97.265,96.92,97.12,100.365,99.27,97.12,76098901650,95.26,96.94,166123,96.975,76008,T2206
2022-3-23,96.975,96.985,97.19,100.035,98.975,97.015,68199239650,94.975,97.055,163705,97.065,68096,T2206
2022-3-24,97.065,96.95,97.265,100.15,99.065,97.035,64077351700,95.065,97.25,165441,97.2,63951,T2206
2022-3-25,97.2,97.16,97.335,100.345,99.205,97.185,54184976550,95.195,97.315,164278,97.295,53991,T2206
2022-3-28,97.295,97.255,97.42,100.41,99.3,97.385,52887895300,95.29,97.31,162801,97.315,52660,T2206
2022-3-29,97.315,97.26,97.4,100.405,99.32,97.345,46927645750,95.31,97.325,162662,97.325,46728,T2206
2022-3-30,97.325,97.375,97.62,100.42,99.33,97.435,61299850250,95.32,97.57,166987,97.555,60935,T2206
2022-3-31,97.555,97.26,97.555,100.665,99.565,97.485,58452296200,95.545,97.345,163301,97.32,58157,T2206
2022-4-1,97.32,97.36,97.565,100.44,99.325,97.395,53140967000,95.315,97.47,165139,97.49,52848,T2206
2022-4-6,97.49,97.47,97.645,100.565,99.5,97.47,47106119900,95.48,97.575,166174,97.555,46795,T2206
2022-4-7,97.555,97.59,97.83,100.67,99.565,97.645,54583716150,95.545,97.77,169468,97.725,54167,T2206
2022-4-8,97.725,97.63,97.825,100.865,99.74,97.75,50837739900,95.71,97.685,169000,97.69,50424,T2206
2022-4-11,97.69,97.485,97.755,100.78,99.705,97.71,61462301300,95.675,97.515,167695,97.525,61045,T2206
2022-4-12,97.525,97.265,97.895,100.61,99.535,97.56,1.14966E+11,95.515,97.415,163719,97.395,114210,T2206
2022-4-13,97.395,97.465,97.59,100.51,99.4,97.475,47121989000,95.39,97.575,163329,97.545,46830,T2206
2022-4-14,97.545,97.55,97.745,100.67,99.555,97.68,54311586350,95.535,97.59,164766,97.635,53901,T2206
2022-4-15,97.635,97.48,97.725,100.685,99.645,97.515,71838644950,95.625,97.555,165571,97.575,71349,T2206
2022-4-18,97.575,97.12,97.4,100.65,99.585,97.385,85048098300,95.565,97.14,162981,97.145,84775,T2206
2022-4-19,97.145,97.025,97.235,100.235,99.145,97.215,58788867150,95.145,97.095,163200,97.075,58659,T2206
2022-4-20,97.075,96.99,97.11,100.19,99.075,97.035,70405396600,95.075,97.075,162296,97.075,70307,T2206
2022-4-21,97.075,97.08,97.195,100.17,99.075,97.09,50061536000,95.075,97.15,162755,97.155,49943,T2206
2022-4-22,97.155,96.92,97.155,100.245,99.16,97.12,63757136400,95.15,97.005,166691,96.985,63673,T2206
2022-4-25,96.985,97.085,97.26,100.1,98.985,97.085,66698587650,94.985,97.235,159347,97.19,66516,T2206
2022-4-26,97.19,97.13,97.235,100.33,99.195,97.23,49497832400,95.185,97.18,155729,97.175,49363,T2206
2022-4-27,97.175,97.03,97.16,100.275,99.18,97.115,62024703850,95.17,97.095,155025,97.095,61910,T2206
2022-4-28,97.095,96.95,97.05,100.19,99.095,97.035,63091331850,95.095,96.98,153328,96.98,63034,T2206
2022-4-29,96.98,97.025,97.24,100.075,98.98,97.03,73408321000,94.98,97.205,151252,97.19,73217,T2206
2022-5-5,97.19,97.155,97.375,100.3,99.195,97.165,48519138900,95.185,97.355,149081,97.34,48326,T2206
2022-5-6,97.34,97.21,97.435,100.45,99.345,97.325,63931363500,95.335,97.405,141219,97.375,63678,T2206
2022-5-9,97.375,97.355,97.5,100.5,99.38,97.405,39749378650,95.37,97.495,135426,97.465,39539,T2206
2022-5-10,97.465,97.495,97.62,100.59,99.475,97.59,51830807000,95.455,97.61,128039,97.59,51495,T2206
2022-5-11,97.59,97.375,97.56,100.705,99.6,97.515,52213790150,95.58,97.475,121358,97.42,51921,T2206
2022-5-12,97.42,97.48,97.62,100.57,99.43,97.535,47134129400,95.41,97.59,115630,97.59,46828,T2206
2022-5-13,97.59,97.455,97.7,100.685,99.6,97.655,50805218000,95.58,97.475,108195,97.535,50454,T2206
2022-5-16,97.535,97.35,97.535,100.57,99.545,97.395,48227065050,95.525,97.53,97213,97.495,47966,T2206
2022-5-17,97.495,97.515,97.61,100.625,99.505,97.6,34370744800,95.485,97.56,89000,97.565,34144,T2206
2022-5-18,97.58,97.58,97.785,100.655,99.58,97.58,53274707750,95.58,97.775,119072,97.7,53117,T2209
2022-5-19,97.7,97.685,97.915,100.37,99.705,97.855,66415593750,95.695,97.785,132395,97.75,66160,T2209
2022-5-20,97.75,97.595,97.725,100.38,99.755,97.665,67076579000,95.745,97.68,139968,97.65,66909,T2209
2022-5-23,97.65,97.755,97.9,100.275,99.65,97.755,51887341800,95.65,97.885,144695,97.86,51662,T2209
2022-5-24,97.86,97.835,97.955,100.48,99.865,97.845,46657024050,95.855,97.92,149162,97.89,46424,T2209
2022-5-25,97.89,97.935,98.08,100.515,99.895,97.935,59915862350,95.885,98.005,153103,98.03,59547,T2209
2022-5-26,98.03,98.21,98.4,100.6,100.04,98.255,70026672850,96.02,98.37,155143,98.335,69417,T2209
2022-5-27,98.335,98.23,98.4,100.965,100.35,98.325,53549623250,96.32,98.375,156590,98.36,53065,T2209
2022-5-30,98.36,98.1,98.205,100.97,100.375,98.2,54155224200,96.345,98.17,155876,98.145,53760,T2209
2022-5-31,98.145,97.865,98.075,100.765,100.155,98.07,63258473050,96.135,97.925,156877,97.895,62920,T2209
2022-6-1,97.895,97.855,97.995,100.52,99.9,97.985,41833315300,95.89,97.855,157310,97.875,41617,T2209
2022-6-2,97.875,97.76,97.99,100.45,99.88,97.855,57472809100,95.87,97.79,159101,97.81,57199,T2209
2022-6-6,97.81,97.66,97.86,100.385,99.815,97.81,52307520700,95.805,97.67,161267,97.695,52125,T2209
2022-6-7,97.695,97.63,97.85,100.265,99.7,97.655,54397610950,95.69,97.835,159177,97.8,54208,T2209
2022-6-8,97.8,97.745,97.88,100.43,99.805,97.78,47513176200,95.795,97.785,161667,97.79,47326,T2209
2022-6-9,97.79,97.755,97.97,100.38,99.795,97.765,63425313200,95.785,97.895,164214,97.92,63133,T2209
2022-6-10,97.92,97.8,97.98,100.49,99.93,97.92,53077061500,95.91,97.82,164576,97.825,52823,T2209
2022-6-13,97.825,97.73,97.845,100.415,99.83,97.81,37818148150,95.82,97.76,165248,97.775,37675,T2209
2022-6-14,97.775,97.635,97.775,100.355,99.78,97.685,52075750400,95.77,97.755,164835,97.735,51925,T2209
2022-6-15,97.735,97.56,97.745,100.35,99.74,97.715,74252323400,95.73,97.63,167320,97.625,74086,T2209
2022-6-16,97.625,97.66,97.75,100.225,99.625,97.68,48392385500,95.625,97.74,165228,97.7,48245,T2209
2022-6-17,97.7,97.74,97.865,100.335,99.705,97.755,67100358100,95.695,97.8,166547,97.805,66828,T2209
2022-6-20,97.805,97.58,97.74,100.395,99.81,97.73,69737648000,95.8,97.59,166465,97.62,69579,T2209
2022-6-21,97.62,97.54,97.665,100.185,99.62,97.58,55039866300,95.62,97.6,167011,97.585,54928,T2209
2022-6-22,97.585,97.6,97.74,100.195,99.585,97.64,59872931850,95.585,97.74,170011,97.675,59723,T2209
2022-6-23,97.675,97.575,97.79,100.335,99.68,97.75,59042989600,95.67,97.59,171015,97.67,58861,T2209
2022-6-24,97.67,97.47,97.695,100.185,99.675,97.66,71478549900,95.665,97.5,173497,97.515,71350,T2209
2022-6-27,97.515,97.145,97.405,100.095,99.515,97.405,91031476150,95.515,97.165,171325,97.17,91183,T2209
2022-6-28,97.17,97.03,97.31,99.76,99.165,97.285,84621858400,95.175,97.07,170931,97.085,84819,T2209
2022-6-29,97.085,97.125,97.265,99.665,99.075,97.155,75330141750,95.095,97.185,168634,97.205,75489,T2209
2022-6-30,97.205,97.145,97.435,99.78,99.2,97.17,72387711150,95.21,97.4,166996,97.395,72431,T2209
2022-7-1,97.395,97.325,97.46,99.995,99.39,97.375,60154140900,95.4,97.36,165795,97.395,60163,T2209
2022-7-4,97.395,97.055,97.3,99.955,99.39,97.3,67413036450,95.4,97.155,169470,97.095,67586,T2209
2022-7-5,97.095,97.015,97.265,99.75,99.085,97.095,77929738200,95.105,97.265,169920,97.215,78131,T2209
2022-7-6,97.215,97.295,97.44,99.86,99.21,97.355,69804922750,95.22,97.355,167283,97.38,69837,T2209
2022-7-7,97.38,97.285,97.485,99.95,99.375,97.305,57975800350,95.385,97.38,169631,97.38,57990,T2209
2022-7-8,97.38,97.295,97.435,99.975,99.375,97.335,54697141450,95.385,97.345,169058,97.335,54717,T2209
2022-7-11,97.335,97.41,97.655,99.94,99.33,97.415,69301135750,95.34,97.64,170319,97.605,69192,T2209
2022-7-12,97.605,97.63,97.73,100.235,99.605,97.68,65474627500,95.605,97.725,172642,97.69,65296,T2209
2022-7-13,97.69,97.71,97.82,100.32,99.695,97.785,59684183850,95.685,97.805,172007,97.76,59471,T2209
2022-7-14,97.76,97.795,97.93,100.4,99.765,97.805,63326261800,95.755,97.9,173273,97.895,63038,T2209
2022-7-15,97.895,97.86,98.055,100.495,99.9,97.93,74591537750,95.89,98.01,174966,97.99,74193,T2209
2022-7-18,97.99,97.925,98.095,100.605,100,98.015,56161256850,95.98,97.98,174132,97.97,55834,T2209
2022-7-19,97.97,97.865,97.985,100.575,99.98,97.945,54542783950,95.96,97.98,173010,97.945,54263,T2209
2022-7-20,97.945,97.91,98.17,100.575,99.955,97.93,65217342550,95.935,98.14,175611,98.08,64819,T2209
2022-7-21,98.08,98.185,98.29,100.735,100.09,98.195,64575868250,96.07,98.235,177931,98.23,64044,T2209
2022-7-22,98.23,98.095,98.225,100.83,100.245,98.185,59829627100,96.215,98.13,179314,98.17,59379,T2209
2022-7-25,98.17,98.1,98.295,100.725,100.185,98.105,59170196200,96.155,98.135,179997,98.195,58701,T2209
2022-7-26,98.195,98.155,98.355,100.73,100.21,98.17,58221576200,96.18,98.35,182006,98.32,57729,T2209
2022-7-27,98.32,98.23,98.38,100.945,100.335,98.35,55560226200,96.305,98.255,180491,98.265,55073,T2209
2022-7-28,98.265,98.05,98.225,100.85,100.28,98.215,75977629950,96.25,98.12,181393,98.09,75438,T2209
2022-7-29,98.09,98.33,98.515,100.715,100.1,98.33,82777482500,96.08,98.455,186633,98.47,81930,T2209
2022-8-1,98.47,98.555,98.715,101.05,100.49,98.555,65586725550,96.45,98.66,182312,98.68,64780,T2209
2022-8-2,98.68,98.635,98.81,101.255,100.705,98.735,70711819600,96.655,98.75,181010,98.71,69790,T2209
2022-8-3,98.71,98.565,98.815,101.345,100.735,98.62,66541120400,96.685,98.78,175632,98.765,65707,T2209
2022-8-4,98.765,98.68,98.91,101.375,100.79,98.815,79020785850,96.74,98.71,169902,98.735,77912,T2209
2022-8-5,98.735,98.585,98.76,101.305,100.76,98.71,54724787850,96.71,98.64,165608,98.625,54036,T2209
2022-8-8,98.625,98.515,98.72,101.235,100.645,98.625,52158588200,96.605,98.605,158847,98.57,51533,T2209
2022-8-9,98.57,98.48,98.665,101.2,100.59,98.635,64401205450,96.55,98.625,150180,98.555,63656,T2209
2022-8-10,98.555,98.545,98.775,101.22,100.575,98.65,61803836100,96.535,98.545,144854,98.63,61026,T2209
2022-8-11,98.63,98.57,98.755,101.14,100.65,98.585,63214021700,96.61,98.735,140881,98.68,62426,T2209
2022-8-12,98.68,98.59,98.83,101.33,100.705,98.765,62351659700,96.655,98.665,133583,98.635,61563,T2209
2022-8-15,98.635,99.005,99.555,101.26,100.655,99.005,1.02399E+11,96.615,99.345,109123,99.305,100509,T2209
2022-8-16,99.305,99.33,99.56,101.94,101.34,99.485,74898626050,97.27,99.39,91906,99.43,73413,T2209
2022-8-17,99.435,99.31,99.47,101.53,101.465,99.355,49272117450,97.405,99.43,121212,99.42,48521,T2212
2022-8-18,99.42,99.47,99.59,101.57,101.45,99.57,57050002850,97.39,99.51,133655,99.505,56116,T2212
2022-8-19,99.505,99.315,99.56,101.65,101.535,99.54,84942900800,97.475,99.45,142549,99.42,83638,T2212
2022-8-22,99.42,99.325,99.575,101.59,101.45,99.525,65916823700,97.39,99.395,148384,99.38,64913,T2212
2022-8-23,99.38,99.26,99.395,101.535,101.41,99.34,70357600300,97.35,99.29,151601,99.285,69348,T2212
2022-8-24,99.285,99.255,99.39,101.43,101.31,99.295,61526994400,97.26,99.375,154933,99.355,60634,T2212
2022-8-25,99.355,99.11,99.295,101.515,101.38,99.29,72952061800,97.33,99.16,156471,99.145,71992,T2212
2022-8-26,99.145,99.09,99.26,101.3,101.17,99.165,69731113600,97.12,99.23,156956,99.22,68817,T2212
2022-8-29,99.22,99.1,99.35,101.37,101.245,99.19,62087250100,97.195,99.34,156183,99.3,61243,T2212
2022-8-30,99.3,99.275,99.46,101.48,101.325,99.43,73208450350,97.275,99.345,159077,99.33,72125,T2212
2022-8-31,99.33,99.26,99.395,101.485,101.355,99.345,66336137250,97.305,99.295,161343,99.315,65381,T2212
2022-9-1,99.315,99.27,99.585,101.435,101.34,99.275,82068473250,97.29,99.545,166213,99.535,80805,T2212
2022-9-2,99.535,99.46,99.775,101.685,101.565,99.58,70329244800,97.505,99.465,167962,99.505,69135,T2212
2022-9-5,99.505,99.51,99.66,101.605,101.535,99.51,62875881800,97.475,99.57,167062,99.56,61804,T2212
2022-9-6,99.56,99.51,99.7,101.71,101.59,99.66,61683336700,97.53,99.605,167082,99.56,60620,T2212
2022-9-7,99.56,99.44,99.625,101.745,101.59,99.58,77288981050,97.53,99.455,171165,99.48,76021,T2212
2022-9-8,99.48,99.35,99.455,101.595,101.51,99.4,60825796200,97.45,99.43,169832,99.42,59902,T2212
2022-9-9,99.42,99.15,99.505,101.57,101.45,99.425,89027543400,97.39,99.165,179242,99.25,87733,T2212
2022-9-13,99.25,99.185,99.3,101.305,101.275,99.21,53597159700,97.225,99.25,177645,99.26,52867,T2212
2022-9-14,99.26,99.105,99.215,101.39,101.285,99.155,62700788450,97.235,99.14,181927,99.175,61898,T2212
2022-9-15,99.175,99.1,99.275,101.28,101.2,99.21,71857190650,97.15,99.13,183059,99.155,70920,T2212
2022-9-16,99.155,98.945,99.145,101.27,101.18,99.05,85276628550,97.13,99.125,182591,99.105,84280,T2212
2022-9-19,99.105,99.06,99.2,101.265,101.125,99.125,60536253500,97.085,99.195,182527,99.155,59779,T2212
2022-9-20,99.155,99.19,99.335,101.335,101.18,99.225,65938977750,97.13,99.315,184193,99.3,65030,T2212
2022-9-21,99.3,99.27,99.38,101.455,101.325,99.285,64703126850,97.275,99.375,181596,99.345,63769,T2212
2022-9-22,99.345,99.28,99.415,101.515,101.37,99.395,60779761950,97.32,99.32,181158,99.325,59894,T2212
2022-9-23,99.325,99.075,99.25,101.46,101.35,99.25,78354726450,97.3,99.135,178894,99.105,77345,T2212
2022-9-26,99.105,98.75,99.04,101.275,101.125,98.99,93123198000,97.085,98.78,179165,98.825,92169,T2212
2022-9-27,98.825,98.72,98.895,100.92,100.84,98.805,80742182000,96.81,98.885,177034,98.84,79989,T2212
2022-9-28,98.84,98.66,98.78,101.025,100.855,98.78,79373959700,96.825,98.705,180392,98.73,78698,T2212
2022-9-29,98.73,98.47,98.86,100.845,100.745,98.8,1.09393E+11,96.715,98.485,184135,98.515,108544,T2212
2022-9-30,98.515,98.32,98.605,100.625,100.525,98.38,90545310300,96.505,98.43,183522,98.46,90001,T2212
2022-10-10,98.46,98.52,98.765,100.57,100.47,98.54,65173622250,96.45,98.75,180515,98.71,64650,T2212
2022-10-11,98.71,98.665,98.85,100.89,100.725,98.825,61297074050,96.695,98.725,180130,98.71,60755,T2212
2022-10-12,98.71,98.655,99.225,100.865,100.725,98.665,96633011100,96.695,98.915,178247,98.915,95714,T2212
2022-10-13,98.915,98.85,99.025,101.055,100.935,98.89,59889876550,96.895,98.98,178971,98.985,59243,T2212
2022-10-14,98.985,98.975,99.265,101.12,101.005,99.01,80264425100,96.965,99.26,180342,99.205,79266,T2212
2022-10-17,99.205,99.14,99.265,101.4,101.23,99.21,52292718550,97.18,99.195,179748,99.2,51600,T2212
2022-10-18,99.2,99.11,99.255,101.335,101.225,99.165,54407278900,97.175,99.215,181784,99.23,53695,T2212
2022-10-19,99.23,99.145,99.31,101.355,101.255,99.17,53218407800,97.205,99.225,184990,99.25,52490,T2212
2022-10-20,99.25,98.95,99.195,101.365,101.275,99.145,75369178550,97.225,99.07,183820,99.04,74467,T2212
2022-10-21,99.04,98.97,99.135,101.21,101.06,99.065,61890535100,97.02,98.985,183819,99,61169,T2212
2022-10-24,99,98.895,99.21,101.125,101.02,98.97,69775173950,96.98,99.175,183346,99.18,68912,T2212
2022-10-25,99.18,98.98,99.245,101.315,101.205,99.135,82181935950,97.155,99.05,183536,99.04,81168,T2212
2022-10-26,99.04,99.095,99.28,101.19,101.06,99.105,58127604150,97.02,99.255,184976,99.225,57373,T2212
2022-10-27,99.225,99.31,99.45,101.395,101.25,99.36,68129984400,97.2,99.4,183649,99.405,67109,T2212
2022-10-28,99.405,99.39,99.58,101.54,101.435,99.415,60446047900,97.375,99.51,184040,99.535,59475,T2212
2022-10-31,99.535,99.59,99.76,101.65,101.565,99.65,66197254400,97.505,99.63,183270,99.64,65018,T2212
2022-11-1,99.64,99.405,99.635,101.77,101.675,99.575,75705017300,97.605,99.45,183228,99.44,74480,T2212
2022-11-2,99.44,99.285,99.525,101.59,101.47,99.44,72713783350,97.41,99.385,180525,99.37,71607,T2212
2022-11-3,99.37,99.365,99.515,101.525,101.4,99.44,49917237000,97.34,99.395,177907,99.415,49135,T2212
2022-11-4,99.415,99.09,99.365,101.535,101.445,99.36,94541521150,97.385,99.25,173578,99.215,93268,T2212
2022-11-7,99.215,99.245,99.385,101.39,101.24,99.335,66639156950,97.19,99.295,169386,99.305,65681,T2212
2022-11-8,99.305,99.185,99.425,101.435,101.33,99.23,72543529000,97.28,99.41,165861,99.375,71497,T2212
2022-11-9,99.375,99.335,99.475,101.55,101.405,99.38,60499228600,97.345,99.39,161347,99.43,59578,T2212
2022-11-10,99.43,99.34,99.52,101.53,101.46,99.425,54893213950,97.4,99.37,155553,99.385,54050,T2212
2022-11-11,99.385,98.685,99.485,101.51,101.415,99.47,1.61297E+11,97.355,98.98,154745,98.955,159324,T2212
2022-11-14,98.955,98.28,98.62,101.12,100.975,98.58,1.28332E+11,96.935,98.285,141242,98.38,127537,T2212
2022-11-15,98.38,98.275,98.535,100.425,100.39,98.285,1.10015E+11,96.37,98.35,127121,98.405,109427,T2212
2022-11-16,98.405,97.985,98.605,100.49,100.415,98.515,1.19159E+11,96.395,98.13,111949,98.115,118626,T2212
2022-11-17,98.115,98.03,98.525,100.27,100.12,98.445,77353605300,96.11,98.495,94214,98.45,77017,T2212
2022-11-18,98.44,98.15,98.55,99.825,100.435,98.4,1.37525E+11,96.445,98.23,131501,98.205,137959,T2303
2022-11-21,98.205,98.3,98.545,99.56,100.195,98.42,1.02574E+11,96.215,98.345,135678,98.385,102799,T2303
2022-11-22,98.385,98.255,98.495,99.675,100.375,98.365,90685221500,96.395,98.37,139850,98.365,90964,T2303
2022-11-23,98.365,98.47,98.72,99.7,100.355,98.485,1.09352E+11,96.375,98.605,139226,98.65,109437,T2303
2022-11-24,98.65,98.72,98.93,99.935,100.645,98.8,95271350700,96.655,98.78,139641,98.865,95127,T2303
2022-11-25,98.865,98.36,98.87,100.11,100.865,98.825,1.20782E+11,96.865,98.425,148932,98.48,120872,T2303
2022-11-28,98.48,98.17,98.64,99.755,100.475,98.565,88028160800,96.485,98.2,151926,98.24,88271,T2303
2022-11-29,98.24,97.68,98.145,99.53,100.23,98.075,1.54996E+11,96.25,97.87,163031,97.84,156244,T2303
2022-11-30,97.84,97.795,98.115,99.2,99.82,98,1.23324E+11,95.86,97.965,162577,97.955,124212,T2303
2022-12-1,97.955,97.87,98.27,99.295,99.94,97.905,1.18707E+11,95.97,98.25,153173,98.215,119334,T2303
2022-12-2,98.215,98.205,98.425,99.58,100.205,98.275,83269808950,96.225,98.28,151936,98.3,83579,T2303
2022-12-5,98.3,98.095,98.35,99.61,100.29,98.17,83449006850,96.31,98.26,153463,98.195,83829,T2303
2022-12-6,98.195,97.94,98.265,99.59,100.185,98.17,96704019350,96.205,98.02,157719,98,97309,T2303
2022-12-7,98,97.775,98.285,99.35,99.985,97.87,1.75943E+11,96.015,98.255,155015,98.175,177088,T2303
2022-12-8,98.175,98.225,98.525,99.585,100.165,98.265,97331990250,96.185,98.46,150213,98.45,97636,T2303
2022-12-9,98.45,98.245,98.435,99.79,100.445,98.33,89927329100,96.455,98.395,148576,98.365,90223,T2303
2022-12-12,98.365,98.3,98.585,99.725,100.355,98.46,78563062700,96.375,98.39,150497,98.36,78738,T2303
2022-12-13,98.36,98.065,98.4,99.72,100.35,98.37,96147511250,96.37,98.275,150482,98.255,96592,T2303
2022-12-14,98.255,98.39,98.775,99.605,100.245,98.425,1.01374E+11,96.265,98.74,148688,98.74,101399,T2303
2022-12-15,98.74,98.53,98.765,100.07,100.74,98.665,90643691400,96.74,98.625,152108,98.62,90659,T2303
2022-12-16,98.62,98.505,98.76,99.955,100.615,98.55,65687835600,96.625,98.665,151198,98.665,65708,T2303
2022-12-19,98.665,98.77,99.01,99.995,100.66,98.87,62094512250,96.67,98.86,148172,98.84,61962,T2303
2022-12-20,98.84,98.685,98.95,100.19,100.84,98.875,49820844150,96.84,98.69,149041,98.785,49735,T2303
2022-12-21,98.785,98.63,98.98,100.02,100.785,98.705,58579178000,96.785,98.945,150758,98.92,58482,T2303
2022-12-22,98.92,98.89,99.04,100.275,100.925,98.945,46017388450,96.915,98.925,150325,98.965,45882,T2303
2022-12-23,98.965,98.865,99.17,100.255,100.97,98.95,57230160300,96.96,99.155,153593,99.105,57026,T2303
2022-12-26,99.105,98.805,99.105,100.485,101.11,99.075,58418713750,97.1,98.94,151745,98.86,58278,T2303
2022-12-27,98.86,98.585,98.895,100.27,100.86,98.87,57065995000,96.86,98.66,152913,98.645,57044,T2303
2022-12-28,98.645,98.615,98.75,99.99,100.64,98.715,39822078050,96.65,98.73,150770,98.72,39813,T2303
2022-12-29,98.72,98.79,98.91,100.06,100.72,98.82,37554098700,96.72,98.875,151508,98.88,37486,T2303
2022-12-30,98.88,98.785,98.99,100.205,100.88,98.84,41808694600,96.88,98.895,150029,98.91,41713,T2303
2023-1-3,98.91,98.825,99.1,100.225,100.91,98.95,54025405650,96.91,99.04,149421,98.98,53874,T2303
2023-1-4,98.98,99.05,99.21,100.37,100.985,99.105,56699365400,96.975,99.2,152908,99.18,56437,T2303
2023-1-5,99.18,99.085,99.215,100.53,101.19,99.12,47325614200,97.17,99.105,154132,99.105,47104,T2303
2023-1-6,99.105,98.91,99.06,100.435,101.11,99.055,55461904150,97.1,99.02,150938,98.965,55292,T2303
2023-1-9,98.965,98.85,99.075,100.35,100.97,99.07,50677129800,96.96,99.025,153137,98.97,50536,T2303
2023-1-10,98.97,98.71,98.975,100.355,100.975,98.96,65019158300,96.965,98.735,154276,98.79,64900,T2303
2023-1-11,98.79,98.655,98.9,100.065,100.79,98.705,63815077150,96.79,98.85,152791,98.85,63755,T2303
2023-1-12,98.85,98.79,98.95,100.18,100.85,98.87,51650426650,96.85,98.86,151643,98.895,51540,T2303
2023-1-13,98.895,98.69,98.89,100.19,100.895,98.86,59700791600,96.895,98.695,152337,98.74,59637,T2303
2023-1-16,98.74,98.405,98.665,100.025,100.74,98.655,78852983050,96.74,98.47,154694,98.465,78993,T2303
2023-1-17,98.465,98.42,98.58,99.8,100.46,98.55,50613127950,96.47,98.5,155645,98.505,50699,T2303
2023-1-18,98.505,98.43,98.655,99.83,100.5,98.63,59536888050,96.51,98.455,159902,98.48,59610,T2303
2023-1-19,98.48,98.39,98.6,99.785,100.475,98.555,55925973050,96.485,98.52,162506,98.46,56037,T2303
2023-1-20,98.46,98.335,98.555,99.85,100.455,98.53,45421390150,96.465,98.365,165717,98.41,45518,T2303
2023-1-30,98.41,98.3,98.715,99.695,100.4,98.35,74061178650,96.42,98.7,162252,98.69,74124,T2303
2023-1-31,98.69,98.635,98.905,100.03,100.69,98.675,80293047450,96.69,98.875,153344,98.855,80192,T2303
2023-2-1,98.855,98.765,98.93,100.205,100.855,98.845,62996795150,96.855,98.78,150612,98.805,62880,T2303
2023-2-2,98.805,98.775,99.005,100.11,100.805,98.79,66028150900,96.805,98.975,146875,98.975,65875,T2303
2023-2-3,98.975,98.93,99.06,100.305,100.98,99.025,63678162600,96.97,99.025,143487,99,63470,T2303
2023-2-6,99,98.935,99.065,100.355,101.005,99.04,55366903900,96.995,98.935,141508,98.98,55189,T2303
2023-2-7,98.98,98.885,99.15,100.265,100.985,98.91,60065028250,96.975,99.15,141247,99.115,59844,T2303
2023-2-8,99.115,99.03,99.14,100.48,101.12,99.115,51334148100,97.11,99.085,137075,99.085,51120,T2303
2023-2-9,99.085,99.045,99.265,100.415,101.09,99.125,68124377950,97.08,99.2,134375,99.185,67809,T2303
2023-2-10,99.185,99.07,99.23,100.53,101.195,99.18,47217593900,97.175,99.14,128389,99.115,47000,T2303
2023-2-13,99.115,99.085,99.245,100.47,101.12,99.165,48287593950,97.11,99.17,125100,99.155,48044,T2303
2023-2-14,99.155,99.065,99.245,100.5,101.16,99.135,56916453350,97.15,99.21,119229,99.22,56635,T2303
2023-2-15,99.22,99.105,99.235,100.54,101.23,99.17,56582148000,97.21,99.215,112690,99.2,56303,T2303
2023-2-16,99.2,99.125,99.505,100.545,101.21,99.195,66686266300,97.19,99.36,104763,99.345,66288,T2303
2023-2-17,99.345,99.22,99.33,100.69,101.355,99.3,54518900900,97.335,99.31,92203,99.3,54191,T2303
2023-2-20,99.3,99.035,99.35,100.64,101.31,99.26,64249063700,97.29,99.055,80522,99.065,63933,T2303
2023-2-21,99.085,98.865,99.065,99.49,101.075,99.005,92075937000,97.095,99.045,126243,99.02,92605,T2306
2023-2-22,99.02,99.025,99.145,99.48,101.005,99.085,51842115250,97.035,99.145,129787,99.125,52088,T2306
2023-2-23,99.125,99.065,99.23,99.58,101.115,99.105,58807234200,97.135,99.17,135396,99.2,59045,T2306
2023-2-24,99.2,99.13,99.305,99.605,101.19,99.145,58813158400,97.21,99.28,140660,99.275,59004,T2306
2023-2-27,99.275,99.19,99.325,99.715,101.265,99.29,50152058100,97.285,99.3,142256,99.285,50308,T2306
2023-2-28,99.285,99.2,99.435,99.735,101.275,99.26,73208584800,97.295,99.39,148111,99.36,73377,T2306
2023-3-1,99.36,99.29,99.455,99.825,101.355,99.365,66841821450,97.365,99.45,150995,99.425,66965,T2306
2023-3-2,99.425,99.255,99.48,99.885,101.42,99.465,67297801250,97.43,99.31,155318,99.29,67439,T2306
2023-3-3,99.29,99.165,99.38,99.745,101.28,99.255,70205255900,97.3,99.37,157123,99.335,70397,T2306
2023-3-6,99.335,99.465,99.595,99.805,101.33,99.465,58682543550,97.34,99.565,160624,99.56,58695,T2306
2023-3-7,99.56,99.515,99.725,100,101.555,99.535,59689374300,97.565,99.705,162891,99.69,59660,T2306
2023-3-8,99.69,99.635,99.74,100.14,101.69,99.675,50571577350,97.69,99.66,164812,99.67,50510,T2306
2023-3-9,99.67,99.655,99.805,100.095,101.67,99.66,54459218750,97.67,99.76,168298,99.77,54360,T2306
2023-3-10,99.77,99.755,99.86,100.195,101.77,99.805,51212968950,97.77,99.855,170365,99.82,51084,T2306
2023-3-13,99.82,99.665,99.865,100.29,101.825,99.855,60811933950,97.815,99.77,171212,99.77,60686,T2306
2023-3-14,99.77,99.795,99.93,100.205,101.77,99.81,67061480850,97.77,99.91,173754,99.89,66857,T2306
2023-3-15,99.89,99.725,99.865,100.345,101.895,99.865,59402206650,97.885,99.82,174411,99.815,59274,T2306
2023-3-16,99.815,99.86,100.06,100.255,101.82,99.885,67483295900,97.81,100.035,176805,100,67228,T2306
2023-3-17,100,99.935,100.095,100.47,102.005,99.965,58537960200,97.995,99.99,177945,100.045,58280,T2306
2023-3-20,100.045,99.965,100.125,100.425,102.05,100.045,61631471000,98.04,100.055,177985,100.055,61341,T2306
2023-3-21,100.055,99.9,100.06,100.49,102.06,100.035,65691535750,98.05,99.945,178412,99.925,65425,T2306
2023-3-22,99.925,99.86,99.995,100.38,101.93,99.945,54586754450,97.92,99.97,180669,99.96,54391,T2306
2023-3-23,99.96,99.88,100.02,100.405,101.965,99.995,51876145650,97.955,99.9,181128,99.915,51673,T2306
2023-3-24,99.915,99.73,99.93,100.335,101.92,99.93,76770128900,97.91,99.795,179472,99.775,76572,T2306
2023-3-27,99.775,99.86,100.025,100.23,101.775,99.875,55338339750,97.775,100.015,183115,99.995,55115,T2306
2023-3-28,99.995,99.945,100.04,100.45,102,99.975,47091518500,97.99,100.01,183486,100.01,46888,T2306
2023-3-29,100.01,99.935,100.045,100.445,102.015,99.995,54617928100,98.005,100.035,183274,99.995,54393,T2306
2023-3-30,99.995,99.88,100.125,100.47,102,100.065,77217894500,97.99,99.935,182254,99.935,76867,T2306
2023-3-31,99.935,99.875,100.045,100.37,101.94,99.955,66273553100,97.93,100.02,181477,100.01,66015,T2306
2023-4-3,100.01,99.83,100.04,100.455,102.015,100.01,78646649600,98.005,99.86,175954,99.87,78380,T2306
2023-4-4,99.87,99.84,99.945,100.295,101.875,99.9,50132170150,97.865,99.93,176852,99.89,49969,T2306
2023-4-6,99.89,99.82,99.95,100.365,101.895,99.935,61848558050,97.885,99.915,177097,99.91,61648,T2306
2023-4-7,99.91,99.83,100.18,100.35,101.915,99.895,88191731200,97.905,100.115,183048,100.105,87814,T2306
2023-4-10,100.105,100.035,100.175,100.55,102.115,100.065,41029251800,98.095,100.17,183817,100.145,40800,T2306
2023-4-11,100.145,100.195,100.34,100.605,102.155,100.215,56757180700,98.135,100.33,188222,100.315,56359,T2306
2023-4-12,100.315,100.32,100.43,100.765,102.33,100.365,46519005300,98.3,100.395,186353,100.41,46146,T2306
2023-4-13,100.41,100.27,100.4,100.83,102.425,100.36,56985119150,98.395,100.33,184818,100.33,56550,T2306
2023-4-14,100.33,100.215,100.395,100.765,102.345,100.315,73774849200,98.315,100.295,186577,100.28,73234,T2306
2023-4-17,100.28,100.125,100.235,100.73,102.29,100.235,76287843050,98.27,100.14,185514,100.14,75829,T2306
2023-4-18,100.14,100.1,100.285,100.575,102.15,100.125,71566877150,98.13,100.255,185160,100.26,71110,T2306
2023-4-19,100.26,100.265,100.345,100.69,102.27,100.28,53187957900,98.25,100.3,184440,100.315,52796,T2306
2023-4-20,100.315,100.225,100.33,100.735,102.33,100.3,54322085000,98.3,100.285,184470,100.295,53933,T2306
2023-4-21,100.295,100.255,100.49,100.72,102.305,100.31,77424575450,98.285,100.465,188652,100.455,76804,T2306
2023-4-24,100.455,100.48,100.58,100.9,102.47,100.48,66429993400,98.44,100.525,187546,100.52,65789,T2306
2023-4-25,100.52,100.495,100.575,100.96,102.535,100.55,62667338750,98.505,100.52,187203,100.515,62070,T2306
2023-4-26,100.515,100.505,100.675,100.955,102.53,100.55,64960930600,98.5,100.655,185491,100.62,64309,T2306
2023-4-27,100.62,100.71,100.885,101.09,102.64,100.79,81456908350,98.6,100.865,180051,100.84,80460,T2306
2023-4-28,100.84,100.73,100.83,101.3,102.865,100.805,51962945450,98.815,100.82,174747,100.8,51339,T2306
2023-5-4,100.8,100.925,101.01,101.255,102.82,100.985,42530329500,98.78,100.95,169733,100.96,41944,T2306
2023-5-5,100.96,101.01,101.27,101.385,102.985,101.015,66910943400,98.935,101.245,166659,101.22,65873,T2306
2023-5-8,101.22,100.99,101.145,101.68,103.25,101.125,64063138650,99.19,101.045,155437,101.045,63108,T2306
2023-5-9,101.045,101.08,101.19,101.48,103.07,101.095,51371722800,99.02,101.11,152123,101.13,50583,T2306
2023-5-10,101.13,101.19,101.345,101.545,103.16,101.195,76641530800,99.1,101.27,144271,101.28,75354,T2306
2023-5-11,101.28,101.33,101.52,101.705,103.31,101.475,66171469550,99.25,101.4,134179,101.385,64963,T2306
2023-5-12,101.385,101.235,101.345,101.835,103.42,101.32,61016162100,99.35,101.32,123639,101.295,59975,T2306
2023-5-15,101.295,101.21,101.395,101.755,103.325,101.325,62991114500,99.265,101.265,114383,101.24,61925,T2306
2023-5-16,101.24,101.195,101.3,101.7,103.27,101.29,61920682800,99.21,101.275,104637,101.27,60895,T2306
2023-5-17,101.27,101.155,101.335,101.71,103.3,101.315,48332143750,99.24,101.195,96008,101.195,47527,T2306
2023-5-18,101.195,101.085,101.225,101.63,103.225,101.155,48170609350,99.165,101.195,86572,101.175,47426,T2306
2023-5-19,101.175,101.195,101.335,101.195,103.195,101.21,79838442400,99.155,101.305,134230,101.3,78839,T2309
2023-5-22,101.3,101.28,101.445,101.305,103.325,101.29,70608994200,99.275,101.36,143778,101.375,69656,T2309
2023-5-23,101.375,101.43,101.635,101.36,103.4,101.45,69506061050,99.35,101.58,151722,101.585,68445,T2309
2023-5-24,101.585,101.52,101.635,101.58,103.615,101.535,64165032300,99.555,101.575,153102,101.6,63170,T2309
2023-5-25,101.6,101.45,101.565,101.575,103.63,101.56,68065864750,99.57,101.47,155929,101.485,67054,T2309
2023-5-26,101.485,101.31,101.515,101.47,103.51,101.465,74037735750,99.46,101.36,155911,101.35,73013,T2309
2023-5-29,101.35,101.27,101.505,101.36,103.375,101.315,65028697250,99.325,101.49,161414,101.475,64128,T2309
2023-5-30,101.475,101.425,101.57,101.49,103.5,101.53,70576588150,99.45,101.43,167197,101.465,69533,T2309
2023-5-31,101.465,101.415,101.55,101.43,103.49,101.47,70938515850,99.44,101.52,169361,101.49,69902,T2309
2023-6-1,101.49,101.525,101.695,101.52,103.515,101.605,65996742250,99.465,101.65,175276,101.625,64958,T2309
2023-6-2,101.625,101.205,101.605,101.65,103.655,101.585,91120497450,99.595,101.295,180161,101.325,89827,T2309
2023-6-5,101.325,101.315,101.475,101.295,103.35,101.35,62404967850,99.3,101.47,183934,101.43,61534,T2309
2023-6-6,101.43,101.455,101.63,101.47,103.455,101.48,63498042300,99.405,101.62,186269,101.605,62533,T2309
2023-6-7,101.605,101.585,101.715,101.62,103.635,101.635,69762611450,99.575,101.7,190809,101.665,68630,T2309
2023-6-8,101.665,101.565,101.68,101.7,103.695,101.66,61120489650,99.635,101.625,191235,101.625,60143,T2309
2023-6-9,101.625,101.6,101.94,101.625,103.655,101.635,78063937300,99.595,101.89,201585,101.895,76699,T2309
2023-6-12,101.895,101.805,101.98,101.89,103.93,101.89,64220225600,99.86,101.88,203680,101.865,63030,T2309
2023-6-13,101.865,102,102.245,101.88,103.9,102.1,78835218050,99.83,102.145,212961,102.15,77186,T2309
2023-6-14,102.15,102.12,102.335,102.145,104.19,102.315,61284397150,100.11,102.195,213116,102.17,59948,T2309
2023-6-15,102.17,101.805,102.085,102.195,104.21,102.06,85530501900,100.13,101.845,209498,101.85,83904,T2309
2023-6-16,101.85,101.445,101.84,101.845,103.885,101.795,1.15403E+11,99.815,101.585,203784,101.53,113567,T2309
2023-6-19,101.53,101.35,101.615,101.585,103.56,101.585,95695945300,99.5,101.445,201894,101.46,94318,T2309
2023-6-20,101.46,101.475,101.62,101.445,103.485,101.53,59832954500,99.435,101.58,199390,101.575,58912,T2309
2023-6-21,101.575,101.595,101.745,101.58,103.605,101.675,62037107000,99.545,101.67,196061,101.685,61017,T2309
2023-6-26,101.685,101.7,101.805,101.67,103.715,101.75,52107662850,99.655,101.725,195128,101.74,51211,T2309
2023-6-27,101.74,101.535,101.69,101.725,103.77,101.69,61117582300,99.71,101.635,193129,101.625,60155,T2309
2023-6-28,101.625,101.67,101.78,101.635,103.655,101.72,53571898900,99.595,101.77,193805,101.74,52661,T2309
2023-6-29,101.74,101.675,101.87,101.77,103.77,101.7,59713350350,99.71,101.81,193977,101.805,58663,T2309
2023-6-30,101.805,101.785,101.99,101.81,103.84,101.86,63103437950,99.77,101.99,192106,101.965,61932,T2309
